fecha,venta_neta_eur,unidades,num_lineas,sesiones_web,pedidos_online,visitas_tienda,ads_video_online,ads_display,ads_email_crm,ads_prensa,ads_exterior,ads_radio_local,ads_social_paid,ads_paid_search,fin_de_semana,payday_flag,rebajas_flag,black_friday_flag,navidad_flag,semana_santa_flag,vacaciones_flag,festivo_local_flag,temperatura_media_c,lluvia_indice,turismo_indice,incidencia_ecommerce,conv_web_pct,tendencia
2019-12-31,1532485.35,39883,15987,11964,296.0,2019,0.0,0.0,1061.4785714285715,0.0,0.0,0.0,0.0,4608.005714285714,0.3333333333333333,0.8333333333333334,0.0,0.0,0.0,0.0,0.0,0.0,8.851666666666667,58.699999999999996,28.515,0.16666666666666666,0.03585833333333333,0
2020-01-07,1750294.76,45939,18322,10825,384.0,2469,44175.211730742856,21027.051941964288,9454.503081325714,18953.038772205717,35699.262405942856,30173.294196428575,40516.32843254857,46133.24956140971,0.2857142857142857,0.0,1.0,0.0,0.0,0.0,0.0,0.0,9.912857142857144,57.722857142857144,31.16,0.0,0.052408571428571415,1
2020-01-14,1746009.6,45460,18272,11267,386.0,2303,57719.85198388286,21415.44627633231,10793.8547835823,21078.828405741522,47656.128765389854,30667.946226981025,41314.89498326961,54266.18675221622,0.2857142857142857,0.0,1.0,0.0,0.0,0.0,0.0,0.0,9.489999999999998,59.08428571428572,29.00142857142857,0.0,0.05334999999999999,2
2020-01-21,1749132.75,45552,18176,11019,402.0,2326,54016.128278987446,24002.738999926703,7169.692971124088,21729.54122989997,44970.05200241253,26344.724200434004,34606.77618890059,47960.45200478986,0.2857142857142857,0.42857142857142855,1.0,0.0,0.0,0.0,0.0,0.0,10.45142857142857,59.30142857142857,27.73,0.14285714285714285,0.05447571428571427,3
2020-01-28,1783768.87,46373,18493,9882,361.0,2121,56645.400659424944,21824.659523436927,9572.847292527174,20697.44917401964,43207.07209344902,27395.582889958747,38722.52410069075,40957.34351787916,0.2857142857142857,0.8571428571428571,1.0,0.0,0.0,0.0,0.0,0.0,10.471428571428572,60.04571428571428,26.42142857142857,0.0,0.05616999999999999,4
2020-02-04,1758999.77,45952,18447,9141,322.0,1718,59118.40807477967,26025.003545383996,8210.916465428201,17140.617690806717,40321.267381995174,27679.838527042088,39156.06051966944,41801.48113991593,0.2857142857142857,0.2857142857142857,1.0,0.0,0.0,0.0,0.0,0.0,12.172857142857142,59.29571428571428,28.775714285714287,0.0,0.05269285714285713,5
2020-02-11,1771246.06,46034,18357,12104,275.0,1825,48339.037517013574,22506.854134841167,7714.872950885043,22005.95752859605,32959.84268123605,29066.59670724252,35843.559930104,33150.109208065296,0.2857142857142857,0.0,0.0,0.0,0.0,0.0,0.0,0.0,12.927142857142858,57.63714285714286,28.40857142857143,0.0,0.03282428571428569,6
2020-02-18,1761714.78,45841,18350,13633,302.0,1739,49294.42450605341,26520.745222035588,7200.990979768057,20825.754062711996,38246.55308499573,28286.33361266819,37549.88751697806,43932.680364160944,0.2857142857142857,0.0,0.0,0.0,0.0,0.0,0.0,0.0,13.695714285714287,57.50428571428572,29.322857142857142,0.0,0.03299714285714286,7
2020-02-25,1757233.1,45877,18327,11845,289.0,1766,53704.10888715551,18230.805777404297,6781.27874813597,18147.309674496348,41387.02594345728,24886.238566170396,41205.40664405067,35552.05794488135,0.2857142857142857,1.0,0.0,0.0,0.0,0.0,0.0,0.0,14.842857142857143,56.800000000000004,31.04714285714286,0.0,0.037017142857142846,8
2020-03-03,1774021.92,46158,18416,13454,303.0,1837,44350.05269349204,19874.828415671684,7463.106071956548,21086.36748236498,34996.525189519336,31558.397042369637,34880.28191872562,36602.94793734826,0.2857142857142857,0.42857142857142855,0.0,0.0,0.0,0.0,0.0,0.0,15.549999999999999,57.49571428571429,26.754285714285714,0.0,0.03438714285714285,9
2020-03-10,1757521.19,45901,18351,14418,313.0,1691,50097.34070333197,27493.225266640296,9707.950637334865,23733.83159152311,37481.8093847339,26109.53428492923,38613.35353901564,46680.96220905961,0.2857142857142857,0.0,0.0,0.0,0.0,0.0,0.0,0.42857142857142855,16.96857142857143,53.805714285714295,30.632857142857144,0.2857142857142857,0.0319328571428571,10
2020-03-17,1765122.49,46000,18402,14408,297.0,1871,43853.39750953565,20258.529371502773,9556.066562933873,17448.779373085268,33016.462724335346,21932.16024552958,35892.55371194689,39078.6372503594,0.2857142857142857,0.0,0.0,0.0,0.0,0.0,0.0,0.42857142857142855,17.84,53.068571428571424,28.208571428571428,1.0,0.0320585714285714,11
2020-03-24,1763195.3,45840,18309,11561,278.0,1578,43497.100674328656,18321.14926964344,7524.217908326292,19400.791269976293,37235.61780323995,28766.4260956682,44806.97893572737,36664.258153725226,0.2857142857142857,0.8571428571428571,0.0,0.0,0.0,0.0,0.0,0.0,18.56142857142857,53.71714285714285,27.51142857142857,1.0,0.036088571428571414,12
2020-03-31,1756882.93,45908,18318,13476,313.0,1923,44664.531333345454,18770.99598759766,7319.487764892085,19165.3297232053,40306.217976593914,32164.45953422955,36250.952075019726,37766.86717856679,0.2857142857142857,0.7142857142857143,0.0,0.0,0.0,0.2857142857142857,0.2857142857142857,0.0,20.80857142857143,52.805714285714295,29.045714285714286,1.0,0.03493714285714284,13
2020-04-07,1757365.06,45752,18280,15256,312.0,1982,48148.681967418845,19693.185526688823,8021.1114645291045,19404.264559601357,36487.504504143864,21099.209750825452,32248.357964999712,35112.90554967195,0.2857142857142857,0.0,0.0,0.0,0.0,0.8571428571428571,0.8571428571428571,0.0,20.594285714285714,49.27285714285714,29.63,1.0,0.031037142857142826,14
2020-04-14,1783341.17,46216,18486,14535,291.0,1841,44427.89216930598,18878.159708355826,6687.049840603888,16636.29746202588,28858.03480521863,21946.104763678326,34306.008001987,35205.411112613714,0.2857142857142857,0.0,0.0,0.0,0.0,0.0,0.0,0.8571428571428571,21.898571428571433,46.63,27.981428571428573,1.0,0.031151428571428556,15
2020-04-21,1774040.6400000001,46190,18336,15465,319.0,1827,45186.14143482497,16375.95048879296,7745.93250751796,19434.9466240475,35111.00260147765,33607.521510430524,38822.077938870454,40982.53170891033,0.2857142857142857,0.42857142857142855,0.0,0.0,0.0,0.0,0.0,0.14285714285714285,22.740000000000002,43.47571428571428,29.244285714285716,1.0,0.032087142857142856,16
2020-04-28,1779408.66,46266,18468,13255,319.0,1757,43529.13452521277,21281.35300605084,7430.740705787524,19554.8213866517,33097.78307616187,27660.10905197881,32947.667327420764,35586.51163927331,0.2857142857142857,1.0,0.0,0.0,0.0,0.0,0.0,0.0,23.63,45.06428571428571,27.867142857142856,1.0,0.03516142857142857,17
2020-05-05,1792097.43,46414,18603,13703,277.0,1605,40604.72267939929,18311.60001232406,9298.441214509607,16054.466016845603,35319.5471789037,26957.42931179001,41643.13814395496,36032.21206336551,0.2857142857142857,0.14285714285714285,0.0,0.0,0.0,0.0,0.0,0.0,23.594285714285714,40.925714285714285,28.740000000000002,1.0,0.031117142857142826,18
2020-05-12,1737840.21,45278,18174,14751,287.0,1605,40832.0462962266,21745.25506706057,5090.5384817161175,17923.569213076284,35485.068401667355,28284.33192542693,37346.693563569344,36269.93003197969,0.2857142857142857,0.0,0.0,0.0,0.0,0.0,0.0,0.0,24.678571428571427,40.902857142857144,31.587142857142858,1.0,0.029741428571428558,19
2020-05-19,1733988.7,45044,18121,13931,282.0,1881,39811.30366034091,21555.00105521141,6471.1071316468515,16032.22374247299,31928.063125414625,22532.585740488827,26995.533555991693,30894.93990730514,0.2857142857142857,0.14285714285714285,0.0,0.0,0.0,0.0,0.0,0.0,24.617142857142856,38.52571428571429,27.702857142857145,1.0,0.030499999999999954,20
2020-05-26,1750930.81,45636,18348,12050,258.0,1600,35742.62234831755,17528.056593065266,6121.272921874142,21806.784232453952,28628.380674627606,24708.720915383285,28166.64951902385,35539.9781811663,0.2857142857142857,0.8571428571428571,0.0,0.0,0.0,0.0,0.0,0.0,25.714285714285715,37.978571428571435,33.12,1.0,0.03378999999999999,21
2020-06-02,1771889.5,46100,18375,13752,304.0,1563,38807.858037449856,21532.037071597606,7198.997906761971,19376.669315423598,31088.75560246468,26747.184382151434,39238.22618755483,35625.54547269251,0.2857142857142857,0.5714285714285714,0.0,0.0,0.0,0.0,0.0,0.0,25.81714285714286,36.14857142857143,73.33000000000001,1.0,0.03193142857142854,22
2020-06-09,1794523.01,46721,18671,14941,292.0,1523,42461.83186412859,18423.07176283614,8547.846961893207,14450.249613177819,36615.62352798744,23205.944453878416,33935.81757872283,31448.366426502023,0.2857142857142857,0.0,0.0,0.0,0.0,0.0,0.0,0.0,25.381428571428568,34.182857142857145,73.45142857142856,1.0,0.028955714285714258,23
2020-06-16,1764111.33,46049,18450,12916,271.0,1488,46618.45977967167,16036.7669222543,5807.797665241113,19139.336650703375,33968.63924341021,20077.19956604592,31627.054636069555,34502.946879370334,0.2857142857142857,0.0,0.0,0.0,0.0,0.0,0.0,0.42857142857142855,26.244285714285716,32.431428571428576,74.07857142857142,0.8571428571428571,0.02971571428571426,24
2020-06-23,1768440.72,45940,18373,12533,261.0,1516,45779.48627221393,18331.727821937253,5464.503025707258,18856.495572551372,36150.318375455754,28351.54144750259,28514.581120098595,37295.93389240537,0.2857142857142857,0.7142857142857143,0.0,0.0,0.0,0.0,0.0,0.42857142857142855,25.548571428571428,30.207142857142856,70.62428571428572,0.0,0.03130142857142857,25
2020-06-30,1770246.04,46333,18471,11646,394.0,2068,35473.965892098415,13381.126891466029,5861.1300531587285,18957.2416965175,28376.909300772302,21966.339520237187,24222.56335165003,33562.7265822437,0.2857142857142857,0.8571428571428571,0.8571428571428571,0.0,0.0,0.0,0.8571428571428571,0.0,25.084285714285716,29.47,73.62428571428572,0.0,0.04874857142857141,26
2020-07-07,1779869.85,46348,18551,13076,426.0,2220,58067.07885420275,27924.684160982433,13482.02121071611,35184.56134484129,56690.4381704878,44973.72006321614,57416.58087600106,77782.13566009354,0.2857142857142857,0.0,1.0,0.0,0.0,0.0,1.0,0.0,25.057142857142857,28.601428571428567,72.35,0.0,0.04797142857142857,27
2020-07-14,1765592.94,46182,18456,12838,398.0,2208,69823.63086752729,29054.962153043387,13347.02573768864,31262.841119844532,64798.438463820785,48659.43031299388,59261.83773214154,66756.10114887457,0.2857142857142857,0.0,1.0,0.0,0.0,0.0,1.0,0.0,24.982857142857142,30.8,74.26714285714286,0.0,0.04828142857142857,28
2020-07-21,1747367.98,45655,18148,11984,388.0,2159,62788.00413540749,24023.57430253494,10643.121346706586,22143.39355692504,59343.72209909509,29597.35731271312,42325.55779631177,47970.49234611554,0.2857142857142857,0.42857142857142855,1.0,0.0,0.0,0.0,1.0,0.0,23.625714285714285,29.267142857142858,74.73,0.0,0.050015714285714274,29
2020-07-28,1790284.72,46528,18554,10452,353.0,2007,56925.28714241637,21508.3494420957,8328.246424227524,16781.132864506522,48403.485001627516,22870.981809362715,42519.093237002045,49965.14562875895,0.2857142857142857,0.8571428571428571,1.0,0.0,0.0,0.0,1.0,0.0,23.665714285714284,30.868571428571432,74.70857142857143,0.0,0.05235571428571427,30
2020-08-04,1775609.49,46502,18590,8687,273.0,1590,49740.856494012805,24722.12364519494,9335.408218011373,22593.487099788064,39316.60449351298,28931.07258109993,44352.51182105665,47279.03332509329,0.2857142857142857,0.2857142857142857,1.0,0.0,0.0,0.0,1.0,0.0,21.464285714285715,27.087142857142858,76.01714285714286,0.0,0.049237142857142854,31
2020-08-11,1786587.03,46460,18542,9913,263.0,1531,47939.96549013366,26402.955608835226,9275.853990870904,26977.28359184715,43285.383417675315,32449.573134004124,46881.62830791619,48368.78307077105,0.2857142857142857,0.0,0.7142857142857143,0.0,0.0,0.0,1.0,0.0,21.455714285714286,29.67142857142857,71.43714285714285,0.14285714285714285,0.04250428571428572,32
2020-08-18,1756442.41,45802,18319,12755,244.0,1508,50380.30239431032,25327.13829158688,8925.396089376798,20742.549936728312,48578.30855029246,29961.150861537986,42777.823499911116,42082.70621948329,0.2857142857142857,0.0,0.0,0.0,0.0,0.0,1.0,0.7142857142857143,20.354285714285712,30.662857142857145,69.76714285714286,0.0,0.02826,33
2020-08-25,1750630.2,45656,18228,12448,291.0,1505,43365.441723985365,16034.053535760166,5648.8405294128015,17436.583864856337,36950.43716753632,22804.61097771291,32271.95757313083,31602.325921823052,0.2857142857142857,0.8571428571428571,0.0,0.0,0.0,0.0,1.0,0.42857142857142855,19.494285714285716,31.74285714285714,72.91714285714285,0.0,0.03223142857142854,34
2020-09-01,1752934.06,45601,18243,14831,325.0,1843,36101.35682304455,14517.315507533838,6829.9028626902045,13537.470975164182,30720.42526262457,23377.122697370527,28897.10350744782,31922.700674223386,0.2857142857142857,0.7142857142857143,0.0,0.0,0.0,0.0,0.0,0.0,19.02285714285714,32.19,28.897142857142857,0.14285714285714285,0.03158571428571426,35
2020-09-08,1756966.8,45800,18278,16433,329.0,1788,50771.95074633872,22866.460255081176,8378.306810642356,27146.029677611423,41189.51348122609,30766.77234250178,52817.18892981517,37670.68184117174,0.2857142857142857,0.0,0.0,0.0,0.0,0.0,0.0,0.0,17.91,31.907142857142862,30.365714285714287,0.0,0.02939571428571427,36
2020-09-15,1776386.42,46309,18363,14934,292.0,1664,41816.306882058416,15113.083439492824,4863.678673367176,14897.879438338085,31741.92187800519,21481.213199104364,29906.230727462607,27660.09905302438,0.2857142857142857,0.0,0.0,0.0,0.0,0.0,0.0,0.0,16.414285714285715,33.864285714285714,28.782857142857143,0.0,0.028765714285714273,37
2020-09-22,1760558.76,45901,18347,11996,257.0,1714,42448.71262300787,18934.624535799612,7032.26734628702,17080.94390386606,36303.7055723527,26106.15327276086,35654.16243132673,41657.92907712289,0.2857142857142857,0.5714285714285714,0.0,0.0,0.0,0.0,0.0,0.0,15.549999999999999,35.52,29.54,0.0,0.03210142857142857,38
2020-09-29,1764033.92,45998,18380,13041,310.0,1770,47061.07615990057,21194.411464007364,5619.4127140048895,21333.36406013781,44613.7091079445,30376.589545657735,42931.362264207484,39192.6907223006,0.2857142857142857,1.0,0.0,0.0,0.0,0.0,0.0,0.0,15.031428571428572,39.464285714285715,26.268571428571427,0.0,0.03382142857142857,39
2020-10-06,1745909.0899999999,45596,18298,14381,303.0,1893,52643.68143786407,22590.8611386697,7079.793378814168,16032.199172110417,46145.69938172987,29358.745096896884,37984.50719842511,49267.96716986383,0.2857142857142857,0.0,0.0,0.0,0.0,0.0,0.0,0.0,13.477142857142857,41.41857142857143,27.301428571428573,0.14285714285714285,0.03028,40
2020-10-13,1783807.9,46444,18627,15902,319.0,1895,54023.61283864184,23928.66741961014,11176.326712326678,20380.04476106644,47965.44607101239,30054.013053212366,39318.91541174819,47088.20567901434,0.2857142857142857,0.0,0.0,0.0,0.0,0.0,0.0,0.0,12.647142857142857,41.68285714285714,27.849999999999998,0.0,0.030541428571428515,41
2020-10-20,1758198.8399999999,45575,18198,15061,332.0,1682,50599.756533479806,25028.353651715704,8288.760118193346,18957.213133085104,39258.52652352206,28003.483182335367,44521.58783279347,42909.66446014914,0.2857142857142857,0.2857142857142857,0.0,0.0,0.0,0.0,0.0,0.0,11.885714285714286,43.26285714285715,28.028571428571432,0.0,0.031721428571428546,42
2020-10-27,1781335.53,46501,18556,15372,342.0,1899,48045.249139604195,22641.46818701117,8655.479183946656,16700.530115871537,37437.369991860294,29129.033998076284,39833.19337179097,38972.01472707744,0.2857142857142857,0.8571428571428571,0.0,0.0,0.0,0.0,0.0,0.0,11.454285714285714,45.69571428571429,27.801428571428573,0.0,0.03416857142857143,43
2020-11-03,1738061.75,45119,18188,15314,345.0,2163,52320.21257778871,18426.4398853896,8936.721609333556,16365.408955490419,35883.85582245557,32048.028546859976,40639.321305528916,42763.3735959751,0.2857142857142857,0.42857142857142855,0.0,0.0,0.0,0.0,0.0,0.0,10.645714285714286,48.55142857142857,26.557142857142857,0.14285714285714285,0.03285142857142855,44
2020-11-10,1759640.71,45987,18408,16775,351.0,2025,68747.34942290901,23345.147722318892,9621.396143270886,27325.014731746967,49588.56794731149,45909.50446409377,52223.04657204984,63537.52714957258,0.2857142857142857,0.0,0.0,0.0,0.0,0.0,0.0,0.0,9.668571428571429,47.12571428571429,27.614285714285717,0.0,0.031169999999999972,45
2020-11-17,1749777.3599999999,45478,18184,13343,411.0,2145,81467.587046428,32554.056087116332,18844.394625230634,37191.48696795364,71533.27957706127,47534.10550362573,71352.15057769793,71313.37763597045,0.2857142857142857,0.0,0.0,0.5714285714285714,0.0,0.0,0.0,0.0,9.472857142857142,50.230000000000004,27.40857142857143,0.5714285714285714,0.046858571428571416,46
2020-11-24,1754029.3699999999,45567,18226,9322,392.0,2289,71734.28878115432,31532.238228359165,10408.328853416917,26105.959578831153,55196.96028314556,45395.3125653185,64336.39184624936,50191.9335359547,0.2857142857142857,0.8571428571428571,0.0,1.0,0.0,0.0,0.0,0.0,8.59142857142857,52.097142857142856,27.90285714285714,1.0,0.06300428571428572,47
2020-12-01,1760016.84,45675,18361,15430,519.0,2722,72905.39258468698,24509.4965040162,9668.194811066467,24305.046913156817,45673.013763245115,32326.063491023695,50630.12381896089,49378.327767262876,0.2857142857142857,0.7142857142857143,0.0,0.0,1.0,0.0,0.0,0.0,8.542857142857143,53.81,25.24857142857143,0.0,0.04697285714285714,48
2020-12-08,1755951.28,45680,18127,14858,448.0,2510,64326.92152855584,28082.81305304477,10797.287234219297,19811.324314211088,46285.488382905634,35027.04935763077,47358.890601127845,48489.534743096985,0.2857142857142857,0.0,0.0,0.0,1.0,0.0,0.0,0.0,8.685714285714285,55.18714285714286,28.422857142857143,0.0,0.04459857142857142,49
2020-12-15,1780334.53,46149,18464,14359,425.0,2521,64477.645222547486,31815.94608411977,12246.512289299455,21322.386124682118,47815.71520860142,39295.73739453506,54098.475248509465,58171.82948222403,0.2857142857142857,0.0,0.0,0.0,1.0,0.0,0.2857142857142857,0.0,8.458571428571428,56.26285714285715,27.16,0.0,0.04475571428571429,50
2020-12-22,1772071.31,46104,18470,16612,454.0,2404,76789.77647636476,34677.15067253218,11574.750073300162,27147.640188009544,48458.40321212064,43804.36890821623,44253.255715241445,51503.20527038205,0.2857142857142857,0.5714285714285714,0.0,0.0,0.42857142857142855,0.0,1.0,0.0,8.661428571428571,58.92,27.897142857142857,0.14285714285714285,0.040094285714285686,51
2020-12-29,2279737.62,59144,23534,16631,404.0,2381,71357.48974935162,29037.657784272014,10083.730420298081,29968.547860952607,46074.85854742739,53532.93989102401,63788.66674600386,59086.83818344692,0.2857142857142857,0.8571428571428571,0.0,0.0,0.0,0.0,0.42857142857142855,0.0,8.855714285714287,56.55857142857143,25.904285714285713,0.0,0.03607571428571426,52
2021-01-05,2651719.2800000003,69181,27695,13504,434.0,2514,80744.42802225887,33528.49007197534,16424.452716092237,33049.93846049539,66377.57568366184,46628.507521470056,78108.20242323095,81499.49615870643,0.2857142857142857,0.14285714285714285,0.7142857142857143,0.0,0.0,0.0,0.0,0.0,9.142857142857142,58.67714285714286,28.83142857142857,0.0,0.047858571428571424,53
2021-01-12,2660820.35,69214,27779,12454,433.0,2230,84735.24951834104,40076.04706529445,14923.098947326193,33982.95520084225,73687.52912848673,59001.50945608292,72753.41564310166,79472.42622789562,0.2857142857142857,0.0,1.0,0.0,0.0,0.0,0.0,0.0,9.588571428571429,59.61142857142857,28.915714285714284,0.0,0.05313571428571425,54
2021-01-19,2634419.56,68718,27538,12469,483.0,2461,90749.2252776709,39612.70518912618,16564.66797722081,38810.05132015535,80541.13474656548,51513.13134619708,73390.92522078395,83065.0722855446,0.2857142857142857,0.14285714285714285,1.0,0.0,0.0,0.0,0.0,0.0,10.464285714285714,59.16142857142857,27.00714285714286,0.0,0.053662857142857116,55
2021-01-26,2599323.58,67734,27134,11416,444.0,2198,78619.22041376158,30670.891647682904,13664.578425921536,39757.79338081437,72744.9997965443,49178.66899489216,68673.93622865889,72566.97999588885,0.2857142857142857,0.8571428571428571,1.0,0.0,0.0,0.0,0.0,0.0,10.817142857142857,60.660000000000004,29.45285714285714,0.0,0.056707142857142845,56
2021-02-02,2662721.13,69162,27684,8841,321.0,1828,53465.31289200325,23007.36797046181,6947.667109483852,20109.224368857984,45184.379257938825,24718.824914022593,38671.20537775703,36156.10238611081,0.2857142857142857,0.5714285714285714,1.0,0.0,0.0,0.0,0.0,0.0,11.75,58.075714285714284,27.942857142857147,0.0,0.05452142857142856,57
2021-02-09,2637115.2800000003,68673,27521,11645,289.0,1720,44414.87973533929,27126.43180334066,7124.523964379003,17327.07905862308,41646.00386689789,25027.71990446223,36019.270152536636,44750.954991106126,0.2857142857142857,0.0,0.2857142857142857,0.0,0.0,0.0,0.0,0.0,12.768571428571429,58.614285714285714,27.29714285714286,0.0,0.039128571428571415,58
2021-02-16,2661024.9699999997,69476,27784,13967,307.0,1866,54393.274127850615,23812.88355203503,10947.016715003889,26891.972621598223,53180.94653256839,35190.744061753605,53673.24766611506,56900.54964777227,0.2857142857142857,0.0,0.0,0.0,0.0,0.0,0.0,0.0,13.295714285714284,57.261428571428574,28.66714285714286,0.0,0.03245,59
2021-02-23,2639327.9,68566,27501,13141,303.0,1940,56213.01457951683,21168.728375964558,9059.834925562523,23998.146053977514,43191.96644227125,31364.400589768164,43282.86476317045,40011.3576445194,0.2857142857142857,0.7142857142857143,0.0,0.0,0.0,0.0,0.0,0.0,14.592857142857143,57.39571428571429,28.202857142857145,0.0,0.034768571428571426,60
2021-03-02,2637500.49,68678,27340,14332,348.0,1981,76599.24545160745,25453.153748472938,13664.080601589905,27229.520147591982,51139.09214942121,41914.322169786145,63977.13072736512,60640.72480626829,0.2857142857142857,0.5714285714285714,0.0,0.0,0.0,0.0,0.0,0.0,14.828571428571427,57.645714285714284,29.791428571428575,0.14285714285714285,0.03507,61
2021-03-09,2668783.77,69653,27836,14270,292.0,1676,66644.9789529941,24093.3067145528,11417.88263216313,24813.900261581246,51875.84838183403,39835.0043473086,53035.93190552087,59729.299676672264,0.2857142857142857,0.0,0.0,0.0,0.0,0.0,0.0,0.2857142857142857,16.512857142857143,53.59428571428572,28.505714285714287,0.0,0.031624285714285716,62
2021-03-16,2651546.23,69066,27546,15094,320.0,1854,56439.49513817853,22609.9794721003,12215.126479503406,24894.787719194286,49043.415725033134,29263.56248932049,48386.54595142829,56467.627806565,0.2857142857142857,0.0,0.0,0.0,0.0,0.0,0.0,0.5714285714285714,17.177142857142858,53.31428571428571,27.228571428571428,0.0,0.03168142857142853,63
2021-03-23,2661590.52,69223,27733,12617,309.0,1878,70591.93442435726,31685.163902125787,12977.707620818936,24624.036276747698,50499.53162822314,45992.061425697815,57964.45991080682,62421.56679640701,0.2857142857142857,0.7142857142857143,0.0,0.0,0.0,0.2857142857142857,0.2857142857142857,0.0,18.242857142857144,51.98142857142857,28.245714285714286,0.0,0.03452857142857143,64
2021-03-30,2609908.95,67990,27221,15819,366.0,1961,70656.3983886674,24184.972061735352,10924.208013537547,29362.89176777868,62258.348419102105,39233.241082566834,58218.50796357501,58121.64780167266,0.2857142857142857,0.8571428571428571,0.0,0.0,0.0,0.8571428571428571,0.8571428571428571,0.0,19.934285714285714,53.621428571428574,29.94714285714286,0.0,0.034892857142857114,65
2021-04-06,2658780.33,69185,27790,16763,348.0,1811,63334.47105039014,29062.506321910878,9631.788189085431,25831.815286718047,51723.27140497927,33934.030253993275,45576.566594807526,49824.527525259946,0.2857142857142857,0.0,0.0,0.0,0.0,0.0,0.0,0.0,20.53142857142857,50.598571428571425,30.708571428571428,0.0,0.0318242857142857,66
2021-04-13,2655960.9,69079,27752,15550,322.0,1961,64916.810956636196,34734.63953599707,15310.978767117393,31326.81854600576,56195.112287796714,53981.44668725218,72353.87066088036,68176.80300663976,0.2857142857142857,0.0,0.0,0.0,0.0,0.0,0.0,0.7142857142857143,21.792857142857144,47.69285714285714,28.814285714285713,0.14285714285714285,0.031119999999999984,67
2021-04-20,2620512.08,68400,27421,13781,304.0,1962,63152.31345972141,31404.602875839264,13795.303287682504,33526.472345082926,61657.54307202537,40938.4645388513,58596.226528387924,58438.352813861835,0.2857142857142857,0.2857142857142857,0.0,0.0,0.0,0.0,0.0,0.2857142857142857,22.91857142857143,47.325714285714284,31.217142857142857,0.0,0.03228142857142857,68
2021-04-27,2644527.5300000003,68725,27482,14120,324.0,1813,75905.69672714034,34005.61223228892,10309.530788247797,31994.72241229019,70989.44567705534,46194.26992385264,64230.81732940697,72478.18249833182,0.2857142857142857,1.0,0.0,0.0,0.0,0.0,0.0,0.0,23.09714285714286,42.73285714285714,27.425714285714285,0.0,0.03470714285714286,69
2021-05-04,2650452.18,69008,27554,13542,300.0,1590,74213.0293139123,25638.579336636187,7138.37031719409,35716.8255464803,67413.58004291664,38305.07027842296,53113.44497239249,55326.60072550095,0.2857142857142857,0.2857142857142857,0.0,0.0,0.0,0.0,0.0,0.0,23.805714285714284,43.855714285714285,27.04,0.0,0.03238571428571429,70
2021-05-11,2679542.76,69548,27942,15550,301.0,1776,68434.04307696765,34065.86160196033,9271.243695894347,30840.517757055357,56099.96205764939,36886.55217851447,53918.029921088484,55244.453287405806,0.2857142857142857,0.0,0.0,0.0,0.0,0.0,0.0,0.0,25.021428571428572,40.175714285714285,28.127142857142854,0.0,0.030131428571428556,71
2021-05-18,2652214.11,68784,27486,15105,301.0,1679,67795.02355623367,26237.62733394389,10432.211196262166,27342.187502921734,43321.83111083988,34396.750184430355,38773.90226854271,47186.32648424538,0.2857142857142857,0.0,0.0,0.0,0.0,0.0,0.0,0.0,25.08142857142857,39.35857142857143,26.79,0.0,0.0292128571428571,72
2021-05-25,2687119.56,69778,27827,15598,331.0,1633,72018.09894266949,31585.89624033215,13782.879125629026,34667.184419570505,59493.16645545297,51325.045459030145,56691.76768719107,68635.79843414637,0.2857142857142857,0.8571428571428571,0.0,0.0,0.0,0.0,0.0,0.0,24.71,37.25,27.518571428571427,0.0,0.03288,73
2021-06-01,2655308.5100000002,69048,27481,14952,305.0,1789,77675.59639024151,32767.79838580617,12861.02795228138,30243.327726061598,63113.09127061308,49788.374774791526,58709.276475058694,61284.64201622325,0.2857142857142857,0.7142857142857143,0.0,0.0,0.0,0.0,0.0,0.0,25.607142857142858,36.58714285714286,73.91714285714285,0.0,0.03168285714285712,74
2021-06-08,2666673.63,69627,27742,15562,305.0,1651,65176.84153149842,27602.829719531972,11827.769861752075,28611.08939034067,58504.969725187315,39355.416923463774,45239.61400534246,48630.86904709466,0.2857142857142857,0.0,0.0,0.0,0.0,0.0,0.0,0.0,25.590000000000003,33.58428571428571,72.72714285714287,0.14285714285714285,0.028812857142857112,75
2021-06-15,2660511.75,69216,27700,16028,326.0,1738,56528.491963621855,23377.057419683846,12974.275404048516,20226.08053201142,54712.390897139,30825.251337571706,48734.07778898065,46138.056697354885,0.2857142857142857,0.0,0.0,0.0,0.0,0.0,0.0,0.2857142857142857,26.145714285714288,33.55714285714286,75.60714285714286,0.0,0.029062857142857116,76
2021-06-22,2650652.9,69158,27617,12884,270.0,1670,55267.7372542557,17336.395716448424,8955.562987845173,19538.721014686504,45854.43473242386,29157.57975375335,40156.03987629518,46463.00679112256,0.2857142857142857,0.5714285714285714,0.0,0.0,0.0,0.0,0.0,0.5714285714285714,25.48857142857143,34.145714285714284,72.81,0.0,0.03183285714285713,77
2021-06-29,2640332.53,68648,27310,12136,403.0,2128,85544.0134159093,29591.844877249037,15416.7805744291,37843.39126643046,77998.42849274272,59186.081002540486,86760.59419214475,85180.9342731695,0.2857142857142857,1.0,0.7142857142857143,0.0,0.0,0.0,0.7142857142857143,0.0,24.722857142857144,32.71142857142857,72.58857142857143,0.0,0.047052857142857125,78
2021-07-06,2678292.95,69589,27750,13503,436.0,2263,114650.78378749102,64027.38961399636,26312.57173881421,60446.396301850924,107136.77670115729,70115.07784265379,97088.17368493014,120908.97894403125,0.2857142857142857,0.0,1.0,0.0,0.0,0.0,1.0,0.0,25.28,29.41428571428571,74.51428571428572,0.0,0.04856428571428572,79
2021-07-13,2651276.8,68873,27417,14267,468.0,2157,129493.47002304491,59471.124293859335,26143.1933255354,53089.99316011239,107530.88742878723,77003.95672421716,90915.53026271396,107548.24587859506,0.2857142857142857,0.0,1.0,0.0,0.0,0.0,1.0,0.0,24.545714285714286,28.505714285714284,72.03285714285714,0.0,0.04825428571428567,80
2021-07-20,2653610.34,69091,27612,13366,451.0,2105,108295.85210245996,38149.60695318863,13145.850903868853,40704.9978014564,96462.44331226936,55181.6133003008,87346.75343664529,89974.00172142079,0.2857142857142857,0.2857142857142857,1.0,0.0,0.0,0.0,1.0,0.0,23.987142857142857,28.744285714285716,71.93428571428572,0.0,0.04907714285714286,81
2021-07-27,2646751.23,68885,27497,11800,409.0,2221,85391.24917181542,33160.979808786076,12920.567899257287,34755.92868147219,83603.31188410062,57287.237648551454,68123.35651900203,69238.4630534779,0.2857142857142857,0.8571428571428571,1.0,0.0,0.0,0.0,1.0,0.0,23.505714285714284,27.767142857142858,74.56142857142856,0.0,0.051224285714285715,82
2021-08-03,2650022.65,69147,27700,7995,264.0,1577,62710.96478358185,24394.52685118471,10776.632281463397,29422.35866047744,56406.653989547325,34518.86241466502,45314.09053017788,54369.3988331255,0.2857142857142857,0.42857142857142855,1.0,0.0,0.0,0.0,1.0,0.0,22.78857142857143,30.102857142857143,75.36714285714285,0.0,0.05016999999999997,83
2021-08-10,2645311.6,68977,27728,9184,300.0,1630,73022.82699971995,38456.16824548917,14765.57681668749,35680.45558282932,67213.15374569323,47290.46834475743,62128.28102695322,65810.1134535648,0.2857142857142857,0.0,0.8571428571428571,0.0,0.0,0.0,1.0,0.0,21.78,33.480000000000004,71.12428571428572,0.0,0.04648285714285711,84
2021-08-17,2641660.05,68636,27487,13573,256.0,1563,72591.8514468365,28222.90662691788,11296.051696343253,27438.359028209765,59901.79942709544,34417.61524376484,47048.18731766885,56182.31518893801,0.2857142857142857,0.0,0.0,0.0,0.0,0.0,1.0,0.5714285714285714,21.324285714285715,29.919999999999998,71.86428571428571,0.0,0.028407142857142846,85
2021-08-24,2655702.89,68998,27663,12594,288.0,1511,65855.25851593072,35311.049895522796,9255.426593393142,31198.75390681468,48935.03908165376,38755.73212802048,58710.23490292412,54389.533726800386,0.2857142857142857,0.8571428571428571,0.0,0.0,0.0,0.0,1.0,0.5714285714285714,20.24857142857143,31.344285714285714,75.28428571428572,0.0,0.03276428571428568,86
2021-08-31,2616762.3,68138,27317,13588,277.0,1669,66498.09864195727,32506.16170677306,6974.9511762032525,31240.542401006645,43947.45966455046,29347.793465285875,50240.55450161924,54180.112901626046,0.2857142857142857,0.7142857142857143,0.0,0.0,0.0,0.0,0.14285714285714285,0.0,19.002857142857145,31.232857142857142,31.96857142857143,0.0,0.03143,87
2021-09-07,2684341.59,69808,27913,17165,305.0,1776,57461.58499192636,30088.99577226274,8871.75090086077,31539.192696304097,51047.03246647698,43974.51501591183,54569.421365455455,51541.25800936158,0.2857142857142857,0.0,0.0,0.0,0.0,0.0,0.0,0.0,17.681428571428572,30.954285714285714,24.615714285714287,0.0,0.028257142857142842,88
2021-09-14,2631738.11,68647,27565,16524,319.0,1750,69776.40849095571,30644.74967679223,14720.556700080102,31978.448342776483,59154.394644350716,42303.81063070467,64479.982259279444,54941.0136318695,0.2857142857142857,0.0,0.0,0.0,0.0,0.0,0.0,0.0,16.8,35.16571428571429,26.994285714285716,0.0,0.02967285714285713,89
2021-09-21,2673070.72,69777,27931,14713,293.0,1791,83044.71014214955,24901.251705064224,11415.866135308617,34580.44806165052,54577.60083485324,36164.46794019524,50245.342903413606,61354.757136719854,0.2857142857142857,0.42857142857142855,0.0,0.0,0.0,0.0,0.0,0.0,16.187142857142856,36.95142857142857,27.69,0.0,0.030372857142857115,90
2021-09-28,2673913.81,69574,27852,14328,318.0,1888,73177.32046997242,29931.124109302953,12269.783067635104,33884.5945270185,57575.30399429626,40919.957651318495,54593.602725652956,62732.8830616458,0.2857142857142857,1.0,0.0,0.0,0.0,0.0,0.0,0.0,14.844285714285714,38.385714285714286,28.56142857142857,0.0,0.03346142857142856,91
2021-10-05,2651087.82,69013,27696,17299,340.0,1924,78378.09014806821,38962.78833567536,15617.53093454898,39070.80314083879,64648.22887442044,59067.43507093664,77436.09076030571,72619.73555870987,0.2857142857142857,0.14285714285714285,0.0,0.0,0.0,0.0,0.0,0.0,13.762857142857143,38.94142857142857,27.947142857142858,0.0,0.030264285714285688,92
2021-10-12,2636126.62,68743,27462,16335,319.0,2100,72342.89429545467,32434.625511551032,10147.864083321678,26642.51813122595,59161.72018210469,41725.72969363455,63945.48654989025,63128.56691100668,0.2857142857142857,0.0,0.0,0.0,0.0,0.0,0.0,0.0,13.547142857142857,39.51714285714286,26.944285714285716,0.0,0.02977285714285711,93
2021-10-19,2657273.05,69062,27660,18033,374.0,1946,81425.25927656067,35842.70959663042,15989.532590900268,39241.58194531763,72832.62914307263,55016.45058912438,62212.29637019191,75037.82064112058,0.2857142857142857,0.14285714285714285,0.0,0.0,0.0,0.0,0.0,0.0,12.319999999999999,42.92714285714286,27.407142857142862,0.0,0.03057714285714286,94
2021-10-26,2655311.02,68764,27485,15083,350.0,1797,72257.85540949003,28858.43766425939,11304.07854140002,24321.253309299213,63098.223174859515,45069.07831933468,56820.842321824355,59614.44122726707,0.2857142857142857,0.8571428571428571,0.0,0.0,0.0,0.0,0.0,0.0,11.251428571428573,44.01857142857143,28.00714285714286,0.0,0.03381285714285713,95
2021-11-02,2641421.91,68742,27552,18035,374.0,2246,76106.3382115911,27950.103106752023,12665.203594879617,31143.06236985624,60375.59121057631,40806.831303834086,43890.236830025795,61990.30085432354,0.2857142857142857,0.5714285714285714,0.0,0.0,0.0,0.0,0.0,0.0,10.311428571428573,47.29571428571428,29.525714285714287,0.0,0.032797142857142844,96
2021-11-09,2622763.43,68505,27446,19177,394.0,2273,79564.86893326856,26657.73437695007,13470.825998034587,32820.554229363916,70908.1029139981,53306.524597239775,51169.57289819374,75105.48510726685,0.2857142857142857,0.0,0.0,0.0,0.0,0.0,0.0,0.0,10.031428571428572,45.92857142857143,27.985714285714288,0.0,0.030629999999999998,97
2021-11-16,2630084.46,68678,27496,14686,377.0,2184,97194.80025033034,41414.05223285564,14919.554007921348,38038.758182472244,73940.26281967615,59189.18258055879,74867.61476821353,76038.77213740582,0.2857142857142857,0.0,0.0,0.42857142857142855,0.0,0.0,0.0,0.0,9.675714285714287,51.885714285714286,27.958571428571428,0.42857142857142855,0.043565714285714256,98
2021-11-23,2658662.34,68909,27697,10107,436.0,2383,94937.3055943905,39201.954693783475,15281.266605491302,37456.698011394736,76212.7045000346,52339.96957373204,67505.26727365909,65510.34291273932,0.2857142857142857,0.7142857142857143,0.0,1.0,0.0,0.0,0.0,0.0,8.532857142857143,50.20142857142857,27.231428571428573,1.0,0.06246142857142856,99
2021-11-30,2644225.67,69009,27667,13220,431.0,2735,87237.18968949855,34455.95015943804,14859.640092372549,25187.638880947587,60274.85837502359,44906.87409265193,58861.76867424401,64083.41506074644,0.2857142857142857,0.8571428571428571,0.0,0.14285714285714285,0.8571428571428571,0.0,0.0,0.0,8.734285714285715,55.78857142857142,28.03857142857143,0.14285714285714285,0.04986999999999997,100
2021-12-07,2655641.68,69377,27745,15141,427.0,2554,98978.27816540624,38490.477289192044,20287.449567324613,32741.144046056834,71283.45254685849,50291.23312349171,71962.48067791016,78865.72911695807,0.2857142857142857,0.0,0.0,0.0,1.0,0.0,0.0,0.0,8.242857142857144,53.564285714285724,26.895714285714284,0.0,0.04375428571428571,101
2021-12-14,2653029.31,69000,27694,16696,504.0,2635,118027.32746273682,45959.89540292896,16532.414093708747,36154.9581577422,79977.27640839286,65987.07407574156,76793.84232253698,99637.06151255217,0.2857142857142857,0.0,0.0,0.0,1.0,0.0,0.14285714285714285,0.0,8.537142857142857,55.199999999999996,31.390000000000004,0.0,0.04407428571428572,102
2021-12-21,2662588.08,69148,27688,17692,510.0,2690,89983.46667223229,37283.07065604967,10708.853236111829,26890.736454508504,70723.49510333456,44800.10841353816,69913.19268300981,66387.89634972422,0.2857142857142857,0.42857142857142855,0.0,0.0,0.5714285714285714,0.0,1.0,0.0,9.111428571428572,57.67857142857143,27.834285714285716,0.0,0.04124142857142854,103
2021-12-28,2847797.52,74277,29649,18154,416.0,2630,108952.91309757295,49410.82483771468,19227.09613014428,48333.18122900707,79897.74242713042,77364.64348090933,92599.22562915471,99370.41672601596,0.2857142857142857,0.8571428571428571,0.0,0.0,0.0,0.0,0.5714285714285714,0.0,8.745714285714286,56.705714285714286,27.708571428571428,0.0,0.03530857142857141,104
2022-01-04,3103201.35,81031,32425,13913,412.0,2443,105981.00542310537,44665.30921190179,15689.658604384753,40433.94624581704,85269.21521831669,65886.70828612318,82585.58770471081,83297.57477066084,0.2857142857142857,0.2857142857142857,0.5714285714285714,0.0,0.0,0.0,0.0,0.0,9.16,60.75857142857143,25.132857142857144,0.0,0.04589285714285713,105
2022-01-11,3088176.18,80370,32139,12242,446.0,2492,86553.48155725225,48660.77652286084,15612.797704612994,35988.69185661487,75560.18658446119,53455.90881473533,63685.11893756969,80044.29973738521,0.2857142857142857,0.0,1.0,0.0,0.0,0.0,0.0,0.0,9.014285714285714,56.36714285714286,25.83857142857143,0.0,0.052727142857142854,106
2022-01-18,3090527.88,80442,32178,12222,445.0,2409,82256.33064614394,57597.92829872771,19282.367197776333,54589.209487732165,85677.50330262221,52445.07696618655,86900.17743180446,86230.98383736257,0.2857142857142857,0.0,1.0,0.0,0.0,0.0,0.0,0.0,10.292857142857143,60.621428571428574,28.092857142857145,0.0,0.05321142857142854,107
2022-01-25,3070152.8,80141,32061,11977,444.0,2530,80503.8410694616,42480.32341304809,9718.335313317275,49372.19605440185,84607.42974776657,54386.31497629834,77751.78304316141,90328.86293670809,0.2857142857142857,0.8571428571428571,1.0,0.0,0.0,0.0,0.0,0.0,11.41,60.53000000000001,26.38714285714286,0.0,0.055908571428571405,108
2022-02-01,3093770.41,80660,32217,8541,321.0,2057,91833.47456115636,33751.98437934301,12657.067542394869,37252.63049337554,95028.91332097565,58131.95828664519,72008.87999416077,86529.19613812854,0.2857142857142857,0.7142857142857143,1.0,0.0,0.0,0.0,0.0,0.0,11.574285714285713,58.57142857142857,27.98428571428571,0.0,0.05583142857142853,109
2022-02-08,3114239.27,81185,32467,11754,312.0,1688,85585.00135068661,37610.13677528505,11588.051978007401,34803.85593101177,75491.75122410206,53383.26777679299,64912.11132319958,64876.06104329825,0.2857142857142857,0.0,0.42857142857142855,0.0,0.0,0.0,0.0,0.0,12.700000000000001,58.878571428571426,27.837142857142855,0.0,0.04169142857142855,110
2022-02-15,3062385.39,80019,32113,15106,328.0,1768,90666.16933189057,33655.887452485484,15655.821345396747,41920.8608021288,66254.90358590131,47081.62041789905,67055.81563610623,74392.65021517445,0.2857142857142857,0.0,0.0,0.0,0.0,0.0,0.0,0.0,13.635714285714286,59.867142857142866,28.192857142857147,0.0,0.032751428571428556,111
2022-02-22,3107675.87,81144,32418,12802,311.0,1658,67996.23713719206,23227.354276972546,8147.905300387506,24070.27078313821,47835.071083788,30380.952637193408,46108.416597778196,45750.7629837192,0.2857142857142857,0.5714285714285714,0.0,0.0,0.0,0.0,0.0,0.0,13.790000000000001,57.61,29.574285714285715,0.14285714285714285,0.035574285714285704,112
2022-03-01,3093971.11,80809,32306,13435,313.0,2039,67752.47411004941,29989.180535645995,13166.112676547846,28737.743104771096,54132.547919399694,37949.111728192365,50593.16151510237,66929.82723152597,0.2857142857142857,0.7142857142857143,0.0,0.0,0.0,0.0,0.0,0.0,15.231428571428571,55.51857142857143,28.587142857142858,0.0,0.035224285714285715,113
2022-03-08,3108755.85,80984,32407,15466,347.0,2008,69380.01683803565,32262.127905970447,10948.029498585118,23998.781919674286,53048.936307287935,39199.743149662216,51057.96767207778,54701.833564109824,0.2857142857142857,0.0,0.0,0.0,0.0,0.0,0.0,0.14285714285714285,15.934285714285716,55.207142857142856,28.365714285714287,0.0,0.032181428571428555,114
2022-03-15,3080201.65,80248,32104,13595,288.0,1862,75578.94064415722,42927.67066444397,14915.095186389011,35753.6078801372,61322.19934716026,45529.134622821024,63783.83791997109,71018.52410936618,0.2857142857142857,0.0,0.0,0.0,0.0,0.0,0.0,0.7142857142857143,17.571428571428573,55.26571428571429,28.06857142857143,0.14285714285714285,0.03260142857142857,115
2022-03-22,3069478.46,80005,32200,13731,322.0,1972,79810.43521320485,35295.98392260168,14021.516771961242,30466.718691767957,85570.47098323322,62810.11993566937,73430.01255053951,84380.60251732128,0.2857142857142857,0.5714285714285714,0.0,0.0,0.0,0.0,0.0,0.0,18.669999999999998,51.478571428571435,25.582857142857144,0.0,0.03387571428571425,116
2022-03-29,3074771.39,80171,32133,13950,341.0,1824,89113.4432498815,38050.07168243104,14951.35180830611,32301.11240795031,77910.46184837908,45086.43566914027,75905.4588845628,73660.04150194624,0.2857142857142857,0.8571428571428571,0.0,0.0,0.0,0.0,0.0,0.0,19.467142857142857,50.777142857142856,25.562857142857144,0.0,0.03485428571428571,117
2022-04-05,3132918.25,81438,32420,17090,367.0,2008,81664.30297510845,31039.857189483275,9875.161938766003,24437.290011643472,57344.88736125593,36818.925055450876,56458.54655051075,62137.44831925504,0.2857142857142857,0.14285714285714285,0.0,0.0,0.0,0.2857142857142857,0.2857142857142857,0.0,20.3,47.67714285714286,27.654285714285713,0.0,0.0313642857142857,118
2022-04-12,3077454.15,80216,32077,15225,336.0,2205,68136.95043382114,28992.916495899983,12070.675685729959,22054.270149486507,54711.93830640177,41219.05376717428,52582.1747864855,55754.598982447416,0.2857142857142857,0.0,0.0,0.0,0.0,0.8571428571428571,0.8571428571428571,0.5714285714285714,20.99857142857143,45.58857142857143,29.99142857142857,0.0,0.03119142857142857,119
2022-04-19,3073355.94,79979,31940,15669,321.0,1819,63847.20815111563,28581.071914588505,8070.488326363063,24993.918915847207,49467.139716539794,38380.682339698906,49780.390443993034,53245.69964886175,0.2857142857142857,0.14285714285714285,0.0,0.0,0.0,0.0,0.0,0.42857142857142855,22.342857142857145,44.47428571428571,27.907142857142855,0.14285714285714285,0.03117285714285713,120
2022-04-26,3081169.75,80180,32127,15181,349.0,1688,72344.01169953906,34982.97596361844,13348.806259599147,33408.198632957436,61754.97363834607,44039.072741493175,58098.140428869156,71917.59931023177,0.2857142857142857,1.0,0.0,0.0,0.0,0.0,0.0,0.0,23.22142857142857,44.42,27.687142857142856,0.0,0.03414285714285714,121
2022-05-03,3079202.27,80313,32140,14097,306.0,1706,96664.83464513508,46250.68860685863,16104.656454662982,37789.12430230881,85314.08011808811,50933.540233471496,92472.48808351866,91467.07374971772,0.2857142857142857,0.42857142857142855,0.0,0.0,0.0,0.0,0.0,0.0,23.404285714285717,43.43,24.94142857142857,0.0,0.03259999999999998,122
2022-05-10,3087326.36,80500,32237,13457,268.0,1848,72578.89303786491,29731.789263669652,10736.970610185475,22493.935801005475,65563.07644037085,37658.70540360971,56036.13538783604,56325.34956454336,0.2857142857142857,0.0,0.0,0.0,0.0,0.0,0.0,0.0,24.207142857142856,38.77571428571429,27.92571428571429,0.0,0.0295842857142857,123
2022-05-17,3091250.5300000003,80496,32233,17114,348.0,1652,55277.00999829334,24972.239670586703,10026.517631258095,31492.0833489878,47012.07127364687,37774.458970787135,48265.629734870854,60680.42817369262,0.2857142857142857,0.0,0.0,0.0,0.0,0.0,0.0,0.0,24.687142857142856,36.87571428571429,27.861428571428572,0.14285714285714285,0.03002999999999997,124
2022-05-24,3079832.85,80362,32223,15978,334.0,1890,57447.22248770536,28495.557430462173,9469.98699213425,26231.09559383898,50948.844811297386,43142.25530445927,56807.26265205476,51662.47971544302,0.2857142857142857,0.8571428571428571,0.0,0.0,0.0,0.0,0.0,0.0,25.407142857142855,37.261428571428574,28.58285714285714,0.0,0.03268857142857143,125
2022-05-31,3077986.11,80098,32037,14111,311.0,1704,64596.923393031815,29586.00243528263,9079.867378576357,29917.75778185523,51303.44151015525,40826.177083851806,66573.42781492342,66809.0500583452,0.2857142857142857,0.7142857142857143,0.0,0.0,0.0,0.0,0.0,0.0,25.541428571428572,34.20285714285715,65.91142857142857,0.14285714285714285,0.03159142857142853,126
2022-06-07,3097586.61,80637,32292,15239,300.0,1706,91734.73138948373,47692.92975116851,17030.551511262445,44350.6847103498,60033.203193287256,50379.621718289025,79637.3445531834,74238.51641293491,0.2857142857142857,0.0,0.0,0.0,0.0,0.0,0.0,0.0,26.052857142857142,33.89714285714286,72.97857142857143,0.0,0.029242857142857116,127
2022-06-14,3085230.06,80188,32054,14801,280.0,1555,90882.61610622464,34231.15558957386,11363.228583607917,32760.930037029437,62015.350609711604,44016.50287056699,66735.22563825309,70351.41836074808,0.2857142857142857,0.0,0.0,0.0,0.0,0.0,0.0,0.14285714285714285,25.794285714285714,34.394285714285715,71.75,0.0,0.029224285714285685,128
2022-06-21,3110893.25,80976,32344,15306,329.0,1835,82539.08698956836,40196.78733161498,11484.784274743015,28150.767930812664,66432.26710223373,45504.5953349263,68477.36421837144,75218.5943108955,0.2857142857142857,0.42857142857142855,0.0,0.0,0.0,0.0,0.0,0.7142857142857143,25.34857142857143,33.56142857142857,73.78857142857143,0.0,0.030949999999999984,129
2022-06-28,3092653.68,80434,32198,14288,390.0,1935,78207.94539176833,31642.4555706711,12212.512415433004,25027.215719617845,64803.56457667309,48469.38391444697,64805.16123134111,76803.62830664578,0.2857142857142857,1.0,0.5714285714285714,0.0,0.0,0.0,0.5714285714285714,0.0,25.34142857142857,27.52,73.80999999999999,0.14285714285714285,0.0437142857142857,130
2022-07-05,3090636.48,80617,32256,13183,437.0,2260,99998.01833134185,50199.82117075301,16351.034785347487,37490.42520298931,91100.65995273927,68478.23308861733,80210.23296660715,93545.77337064495,0.2857142857142857,0.14285714285714285,1.0,0.0,0.0,0.0,1.0,0.0,25.172857142857143,32.23428571428571,72.07857142857144,0.14285714285714285,0.04947857142857141,131
2022-07-12,3082405.59,80208,32064,12955,413.0,2375,112953.5828259374,45237.33409396794,16941.27234165668,40981.43814158972,101416.79048103585,52462.95293707625,74832.55945396677,92551.7377652233,0.2857142857142857,0.0,1.0,0.0,0.0,0.0,1.0,0.0,24.56142857142857,31.485714285714288,73.67428571428572,0.0,0.04842142857142857,132
2022-07-19,3097382.5100000002,80727,32282,13181,410.0,2374,115830.94819781902,51798.884931537694,21105.2010371774,53504.208400685464,87739.69403432994,69827.95523499948,88550.83181791223,114229.0752425007,0.2857142857142857,0.14285714285714285,1.0,0.0,0.0,0.0,1.0,0.0,23.802857142857142,28.805714285714284,72.94000000000001,0.0,0.04915571428571429,133
2022-07-26,3085143.1,80464,32187,12426,442.0,2220,114320.14236381333,59915.4078287062,21283.04703836756,49397.082344095106,103721.20886477086,85600.31027527343,90149.44483741047,102280.65161515125,0.2857142857142857,0.8571428571428571,1.0,0.0,0.0,0.0,1.0,0.0,23.330000000000002,28.122857142857146,74.51285714285714,0.0,0.0523285714285714,134
2022-08-02,3080498.86,80295,32043,8667,302.0,1694,88518.46231770993,32118.55874419748,12548.033693584948,35935.90891598685,77823.44387631684,47213.30304902557,59424.31567967875,58418.976357528234,0.2857142857142857,0.5714285714285714,1.0,0.0,0.0,0.0,1.0,0.0,23.09714285714286,30.23714285714286,72.77285714285713,0.0,0.05091428571428571,135
2022-08-09,3073782.66,79971,32093,8681,285.0,1561,66798.9404953999,32555.787758046186,11718.663906991278,28766.812672710807,59680.5803480732,40454.01613989194,58638.73796333529,61043.18385907367,0.2857142857142857,0.0,1.0,0.0,0.0,0.0,1.0,0.0,22.087142857142858,31.425714285714285,73.67571428571429,0.0,0.04892285714285714,136
2022-08-16,3106608.94,80804,32225,12403,244.0,1461,62741.477682274875,30355.496846324015,9382.657369960867,28068.091417517255,61288.23739693467,42351.84010377147,61728.6482957077,55525.15015139998,0.2857142857142857,0.0,0.0,0.0,0.0,0.0,1.0,0.42857142857142855,21.69,32.269999999999996,73.56714285714285,0.0,0.02944142857142856,137
2022-08-23,3082750.98,80147,32078,13304,289.0,1524,101303.1439556351,51972.38046643334,16130.359237762907,46968.65990036131,77302.73722296626,66483.56488920357,74598.69419387056,84349.5769902624,0.2857142857142857,0.7142857142857143,0.0,0.0,0.0,0.0,1.0,0.7142857142857143,20.262857142857143,30.455714285714286,71.63285714285715,0.14285714285714285,0.031387142857142857,138
2022-08-30,3085760.64,80339,32178,13947,300.0,1816,91103.44439125361,49276.228508108296,11559.928642586816,31973.055629020757,81422.42054701055,52585.01680158976,59323.26633005295,66272.62478455632,0.2857142857142857,0.8571428571428571,0.0,0.0,0.0,0.0,0.2857142857142857,0.0,18.944285714285716,33.47428571428571,39.82714285714286,0.0,0.03187285714285714,139
2022-09-06,3082001.13,80301,32093,16565,334.0,1768,69577.00526945957,26925.167878969598,13038.567856915199,34198.96202814831,59445.56946697908,38753.49921608385,49348.375102503735,58778.45516810038,0.2857142857142857,0.0,0.0,0.0,0.0,0.0,0.0,0.0,18.277142857142856,33.09428571428571,26.648571428571433,0.0,0.02933285714285713,140
2022-09-13,3098308.54,80798,32287,15389,292.0,1926,90419.1296807683,38546.20028476874,14815.040383314283,35097.073071318344,60467.10198851653,57064.29171262565,64891.3513609908,90080.59529711524,0.2857142857142857,0.0,0.0,0.0,0.0,0.0,0.0,0.0,17.124285714285715,35.75285714285714,29.722857142857144,0.14285714285714285,0.02976714285714283,141
2022-09-20,3143127.78,81810,32613,15514,307.0,1688,81497.1925388487,25563.67489061761,10978.269133134048,26236.327775125766,60064.56202531145,50568.94114061203,54310.53645800128,50332.13416761147,0.2857142857142857,0.2857142857142857,0.0,0.0,0.0,0.0,0.0,0.0,16.05857142857143,34.38142857142857,30.222857142857144,0.14285714285714285,0.02993714285714283,142
2022-09-27,3094481.87,80364,32212,15102,356.0,2043,68461.13353897551,33299.03645561866,13898.114007742046,36359.36142315248,51806.62246865462,40286.514540161035,57793.482384304225,57911.42021218245,0.2857142857142857,1.0,0.0,0.0,0.0,0.0,0.0,0.0,15.037142857142856,37.10857142857143,27.66857142857143,0.0,0.03366285714285714,143
2022-10-04,3100052.11,80536,32160,15401,309.0,1933,65632.06793572237,29137.655351773807,11047.353812842157,31607.221783744262,57688.430063309956,40107.76792609501,64541.0867886013,60472.228661513254,0.2857142857142857,0.2857142857142857,0.0,0.0,0.0,0.0,0.0,0.0,14.524285714285714,40.160000000000004,29.53,0.14285714285714285,0.030979999999999973,144
2022-10-11,3113681.32,81084,32481,16531,337.0,1865,62309.52253125115,32068.920097614304,11281.094984825948,30824.840041176198,50772.75259892884,38821.905285136905,62834.11214548587,58935.692566378275,0.2857142857142857,0.0,0.0,0.0,0.0,0.0,0.0,0.0,13.398571428571428,39.95142857142857,27.442857142857143,0.0,0.029622857142857142,145
2022-10-18,3106679.53,80711,32391,16689,345.0,1930,70583.52961477655,32786.69134004832,11312.890147227234,37450.80578153489,59251.407212959086,54208.05484039728,62240.32621436774,71167.11620224426,0.2857142857142857,0.0,0.0,0.0,0.0,0.0,0.0,0.0,12.532857142857143,43.19857142857143,26.987142857142857,0.0,0.03093999999999999,146
2022-10-25,3122270.59,81252,32274,16078,362.0,2165,89266.82158989279,37036.39075823699,17164.428244445313,32739.981697883897,67634.9469290481,61544.058508797745,73628.53838096105,79687.75659640628,0.2857142857142857,0.8571428571428571,0.0,0.0,0.0,0.0,0.0,0.0,11.87857142857143,43.93571428571429,28.957142857142856,0.0,0.03339999999999997,147
2022-11-01,3116037.65,81031,32372,16396,375.0,2053,118520.61023811596,53464.51691440587,14827.766440407244,44592.879265922384,83947.10807549585,75223.57224281426,88176.72331234624,103664.7051218405,0.2857142857142857,0.7142857142857143,0.0,0.0,0.0,0.0,0.0,0.0,10.634285714285713,45.81285714285714,25.669999999999998,0.0,0.033997142857142844,148
2022-11-08,3090278.26,80310,32085,18801,398.0,2282,149635.59760125316,59002.77495357236,25273.107352164727,51172.49665640643,109992.5308418336,91608.40567600414,111150.66667984065,114504.65517951729,0.2857142857142857,0.0,0.0,0.0,0.0,0.0,0.0,0.0,10.204285714285716,50.307142857142864,30.614285714285717,0.0,0.031228571428571415,149
2022-11-15,3080707.85,80163,32307,16071,400.0,2243,148301.76899113617,54234.64993825335,20019.301244071252,49414.07935671614,101817.78546113394,78226.18464255807,94109.99654737397,100432.46134971063,0.2857142857142857,0.0,0.0,0.2857142857142857,0.0,0.0,0.0,0.0,9.467142857142857,48.82142857142857,29.662857142857145,0.2857142857142857,0.039277142857142844,150
2022-11-22,3110490.0,81083,32416,11274,474.0,2491,132094.1902005674,46048.21012228546,14128.931887375924,42350.59680878377,79133.99529695908,62494.2423130557,68488.19714908607,82647.04635401575,0.2857142857142857,0.5714285714285714,0.0,1.0,0.0,0.0,0.0,0.0,9.41,51.53142857142858,25.75714285714286,1.0,0.06144142857142857,151
2022-11-29,3059081.98,79889,32054,14839,486.0,2837,159437.87653875287,65072.03682015178,22075.687448271015,54067.125131228655,97569.78078135067,87879.89595557076,117659.14268168336,128698.11942539905,0.2857142857142857,1.0,0.0,0.2857142857142857,0.7142857142857143,0.0,0.0,0.0,8.442857142857143,50.59285714285715,26.534285714285712,0.2857142857142857,0.05223714285714286,152
2022-12-06,3119647.83,81326,32449,16805,477.0,2782,139088.24606808095,45946.728301050294,21090.357253416478,47587.45696506072,97985.39757564654,74269.12816036718,79867.75391056966,79864.61671055263,0.2857142857142857,0.0,0.0,0.0,1.0,0.0,0.0,0.0,8.639999999999999,53.63,27.40857142857143,0.0,0.04385285714285713,153
2022-12-13,3089634.77,80459,32226,16293,509.0,2635,116096.30102300571,48805.54131485196,15394.351511132843,42138.030685514415,100315.67768920789,80506.74577803859,90149.44761746994,89806.82446050744,0.2857142857142857,0.0,0.0,0.0,1.0,0.0,0.0,0.0,8.52142857142857,57.51857142857143,25.3,0.0,0.04418428571428572,154
2022-12-20,3107262.96,81104,32405,17337,494.0,2681,118878.15775389476,44368.94797902228,14911.755455836486,52425.14376428657,101279.10175797775,79842.29216567664,89184.52260912504,95105.24376038808,0.2857142857142857,0.2857142857142857,0.0,0.0,0.7142857142857143,0.0,1.0,0.0,8.851428571428572,58.107142857142854,30.232857142857142,0.14285714285714285,0.04207999999999997,155
2022-12-27,3177276.14,82682,32985,18042,401.0,2623,146619.98741742515,67363.83504001467,21431.118289624123,51624.77002032055,104111.35487874356,79813.89174683006,107598.16957386566,105620.21775850898,0.2857142857142857,0.8571428571428571,0.0,0.0,0.0,0.0,0.7142857142857143,0.0,8.588571428571429,57.807142857142864,27.150000000000002,0.14285714285714285,0.035278571428571416,156
2023-01-03,3396621.81,88733,35406,15575,427.0,2607,137809.814644797,57205.623510357254,27259.075635708392,57910.85723124701,100239.18165373932,81226.5818774864,112925.54613986412,112461.48291141664,0.2857142857142857,0.42857142857142855,0.42857142857142855,0.0,0.0,0.0,0.0,0.0,9.622857142857143,59.20285714285715,28.075714285714287,0.0,0.043097142857142855,157
2023-01-10,3357734.54,87502,35151,12499,438.0,2503,98441.90085439487,47286.08172385324,14931.64991237385,49018.942835893395,91780.01385012497,71793.45592984643,84784.36668761841,107728.18922364985,0.2857142857142857,0.0,1.0,0.0,0.0,0.0,0.0,0.0,10.33,61.12285714285714,28.762857142857143,0.14285714285714285,0.0532142857142857,158
2023-01-17,3377935.14,87814,35162,12634,444.0,2644,87948.38535941472,35816.01229025332,14598.524273644594,41856.71252055947,93804.57149080058,63365.032713737644,60689.50208484958,77263.93988509892,0.2857142857142857,0.0,1.0,0.0,0.0,0.0,0.0,0.0,10.417142857142858,59.037142857142854,26.407142857142855,0.0,0.05283571428571427,159
2023-01-24,3406435.26,88805,35397,12488,499.0,2481,106755.25279573444,64591.36904691046,16692.61502833356,45174.58491541654,109391.11533568487,57882.10626004036,81236.10826526725,111720.89170037287,0.2857142857142857,0.8571428571428571,1.0,0.0,0.0,0.0,0.0,0.0,10.941428571428572,59.34142857142857,25.08857142857143,0.0,0.05676142857142856,160
2023-01-31,3402662.56,88540,35403,9972,371.0,2011,94036.72359167982,51955.466030500414,20189.862148946646,38200.96962657684,95111.58006834102,58512.61266051371,66685.95247635327,94012.6624885463,0.2857142857142857,0.7142857142857143,1.0,0.0,0.0,0.0,0.0,0.0,11.388571428571428,59.12285714285714,25.59857142857143,0.0,0.056477142857142844,161
2023-02-07,3366052.69,87690,35109,11812,340.0,1703,93128.58622000462,39451.04098461328,14976.119360795507,45300.42933693333,85059.8881236411,57668.670478374544,71790.61936542869,88841.2978569691,0.2857142857142857,0.0,0.5714285714285714,0.0,0.0,0.0,0.0,0.0,12.77,59.16285714285714,28.87,0.0,0.04347285714285711,162
2023-02-14,3380145.38,87961,35096,14891,330.0,1671,78759.21290979117,34866.44866840657,15448.855762807818,42208.84113533421,79287.29998424652,57212.095483648016,68221.4251538312,73914.62949373989,0.2857142857142857,0.0,0.0,0.0,0.0,0.0,0.0,0.0,12.862857142857141,58.26857142857143,28.71,0.0,0.03320999999999997,163
2023-02-21,3332177.9899999998,86785,34751,13136,298.0,1828,77696.41707380296,27401.52174182907,10978.076755090906,34404.38254620756,55676.95217775329,45765.186147751716,59371.44069776062,55691.043624247424,0.2857142857142857,0.42857142857142855,0.0,0.0,0.0,0.0,0.0,0.0,13.941428571428572,57.82857142857143,29.368571428571425,0.0,0.034535714285714274,164
2023-02-28,3366317.04,87951,35341,14390,352.0,1751,69987.5230311915,25849.266576108035,10326.02026758818,22257.665121117992,44550.450265488864,37382.58178910074,48459.2417866335,51244.991980059196,0.2857142857142857,0.8571428571428571,0.0,0.0,0.0,0.0,0.0,0.0,15.927142857142856,57.55142857142857,29.447142857142858,0.0,0.03583857142857143,165
2023-03-07,3388689.17,88433,35402,14462,329.0,2078,68999.79071402882,27386.43601119727,12505.084811139424,31938.93158518587,58381.14439097485,44075.13001397735,61363.91293072609,53698.154497621756,0.2857142857142857,0.0,0.0,0.0,0.0,0.0,0.0,0.0,15.912857142857144,57.682857142857145,26.61285714285714,0.14285714285714285,0.03243142857142854,166
2023-03-14,3369311.17,87739,35289,16758,368.0,2051,63828.924319526515,39202.95833937319,10944.819933337012,27047.168121692026,56416.16253217176,41688.05436394849,49588.68870360856,70293.79206332863,0.2857142857142857,0.0,0.0,0.0,0.0,0.0,0.0,0.8571428571428571,17.23,52.438571428571436,28.00142857142857,0.0,0.03185714285714284,167
2023-03-21,3424311.61,89331,35754,14559,322.0,1848,92979.57255864251,42817.459562919204,11645.337744895147,34248.31734333629,59638.58868819202,53428.873594361205,58762.66811269199,71657.65044359711,0.2857142857142857,0.42857142857142855,0.0,0.0,0.0,0.0,0.0,0.0,18.495714285714286,52.87428571428571,27.891428571428573,0.0,0.033417142857142854,168
2023-03-28,3390866.41,88354,35154,15497,360.0,2049,82448.01179483475,30056.041693013878,12661.76129172885,31813.456373923902,59742.19884128462,48018.48300799166,57997.266343184405,59710.57378216915,0.2857142857142857,0.8571428571428571,0.0,0.0,0.0,0.2857142857142857,0.2857142857142857,0.0,19.767142857142858,53.88285714285714,27.994285714285713,0.0,0.035518571428571434,169
2023-04-04,3374439.22,87941,35193,17205,369.0,2136,91459.13641612274,36659.318629298104,17705.34613875025,40449.023386900175,77655.6621398148,49820.084889571364,71527.70954449096,85271.23276849187,0.2857142857142857,0.2857142857142857,0.0,0.0,0.0,0.8571428571428571,0.8571428571428571,0.0,20.442857142857143,48.89857142857143,30.3,0.14285714285714285,0.03193285714285713,170
2023-04-11,3370859.89,87642,35071,15361,324.0,1841,72944.7720797155,26305.51503393425,10929.179660293434,24947.58797221424,58499.25049837426,32615.01595337835,53200.62301358055,53613.98075127789,0.2857142857142857,0.0,0.0,0.0,0.0,0.0,0.0,0.42857142857142855,21.422857142857143,48.58857142857143,29.57,0.0,0.031064285714285687,171
2023-04-18,3379522.69,88077,35236,17093,372.0,1794,72188.92552853643,34234.34781834547,15478.550818939651,26134.301257916533,61465.99068064843,53209.61369606434,67030.21617073403,70109.85344736603,0.2857142857142857,0.0,0.0,0.0,0.0,0.0,0.0,0.5714285714285714,22.46,46.4,27.292857142857144,0.0,0.030919999999999972,172
2023-04-25,3419330.36,88983,35579,14278,343.0,2279,72570.50961721849,34602.837427152255,9431.111502456197,29959.069774129544,63217.69310789495,51648.00242842907,53097.51683947699,61584.49817762751,0.2857142857142857,1.0,0.0,0.0,0.0,0.0,0.0,0.0,22.485714285714288,44.1,28.44857142857143,0.14285714285714285,0.03470285714285714,173
2023-05-02,3405338.32,88826,35475,12864,289.0,1921,80354.12997162057,42907.788372756775,13981.680362204377,35602.42354682079,68883.0145025623,52566.94615736496,64566.658983841226,70989.18246394431,0.2857142857142857,0.5714285714285714,0.0,0.0,0.0,0.0,0.0,0.0,22.970000000000002,44.104285714285716,26.91142857142857,0.0,0.033408571428571426,174
2023-05-09,3399775.48,88511,35355,14885,319.0,1968,87406.6214385107,47708.407096662166,14561.422720480065,44698.286352819116,86963.63771295037,61697.74815078299,70955.54007588484,82571.90286585916,0.2857142857142857,0.0,0.0,0.0,0.0,0.0,0.0,0.0,24.462857142857143,42.348571428571425,30.00857142857143,0.0,0.030624285714285684,175
2023-05-16,3394361.84,88291,35255,15193,309.0,1944,98676.23682962681,40999.50659562125,14419.128074622251,37884.153887400455,68063.12034852123,54040.19044314227,64524.781011306055,81426.22675954105,0.2857142857142857,0.0,0.0,0.0,0.0,0.0,0.0,0.0,25.064285714285713,39.26857142857143,26.560000000000002,0.0,0.029852857142857143,176
2023-05-23,3400521.57,88591,35272,15102,331.0,1721,105570.88731387383,41168.752640814004,17888.2783784165,37154.24636614055,80714.29865758265,55447.574724444195,71395.50631083178,81357.53422832373,0.2857142857142857,0.7142857142857143,0.0,0.0,0.0,0.0,0.0,0.0,24.66857142857143,40.97714285714286,26.101428571428574,0.0,0.0332842857142857,177
2023-05-30,3343025.91,87220,34912,13857,303.0,1583,84834.4122466525,41009.96657197064,11974.667015586101,38969.77531253772,79013.94208292375,57612.507369499006,70227.76612233967,71112.81472299431,0.2857142857142857,0.8571428571428571,0.0,0.0,0.0,0.0,0.0,0.0,25.064285714285713,37.31142857142857,58.85000000000001,0.14285714285714285,0.03313714285714286,178
2023-06-06,3415749.09,88620,35403,16766,320.0,1750,89098.95507114788,36373.643399557805,14950.3426862978,35613.94786839777,79567.35402047541,48082.32499060992,69476.42341174056,78775.26547130849,0.2857142857142857,0.0,0.0,0.0,0.0,0.0,0.0,0.0,25.53,33.49857142857143,73.05428571428571,0.0,0.02889571428571427,179
2023-06-13,3382032.01,88085,35148,15347,306.0,1725,95923.13526899969,37959.163910487616,15517.191892477815,36050.659564690446,81833.71468397616,52918.96963720342,80368.91537102064,94380.74861653,0.2857142857142857,0.0,0.0,0.0,0.0,0.0,0.0,0.0,24.97142857142857,33.42142857142857,75.44285714285715,0.0,0.028907142857142857,180
2023-06-20,3419020.93,88970,35534,16326,324.0,1829,127413.64813857483,61771.82784305068,25427.314433724798,55937.43599619651,99401.03498952591,57417.932039576364,89929.11789855531,85785.59297764672,0.2857142857142857,0.2857142857142857,0.0,0.0,0.0,0.0,0.0,0.8571428571428571,26.052857142857142,32.214285714285715,71.46,0.14285714285714285,0.0296342857142857,181
2023-06-27,3378714.02,88012,35145,13492,362.0,2090,114817.36179282914,48354.30515055955,13665.231994150465,39926.167673970456,84040.58606016851,53702.77884405918,90279.58616463929,84657.42013062137,0.2857142857142857,1.0,0.42857142857142855,0.0,0.0,0.0,0.42857142857142855,0.0,25.43857142857143,32.464285714285715,73.11857142857143,0.2857142857142857,0.04094428571428571,182
2023-07-04,3386442.67,87917,35168,14214,465.0,2427,102274.32913643231,64034.89497327446,22050.61154180381,57509.51220349418,85142.3298275568,65481.78184364778,81941.72230629215,99698.8924261397,0.2857142857142857,0.2857142857142857,1.0,0.0,0.0,0.0,1.0,0.0,24.725714285714286,30.101428571428574,74.27857142857144,0.0,0.04940857142857141,183
2023-07-11,3369031.54,87782,35060,13263,419.0,2331,99696.32159579362,40947.15225983586,20670.485094730593,49039.16110881706,95602.71343264925,71728.39280458206,77866.91699224949,103168.06836704932,0.2857142857142857,0.0,1.0,0.0,0.0,0.0,1.0,0.0,25.08857142857143,29.16714285714286,70.74,0.0,0.04841571428571428,184
2023-07-18,3359744.09,87500,34998,14246,494.0,2470,110358.89755988115,50578.90815381568,21543.13943798064,51472.904365172115,113673.14410750249,74169.71472057152,93225.1567551544,120522.37841532187,0.2857142857142857,0.0,1.0,0.0,0.0,0.0,1.0,0.0,24.52,32.667142857142856,69.27285714285713,0.0,0.04894142857142856,185
2023-07-25,3398913.35,88409,35315,13414,472.0,2456,104680.8069934523,48951.38497441597,22001.064029670517,48464.587822740476,107188.59805895634,87414.4774141116,94446.84472475908,115933.124332148,0.2857142857142857,0.8571428571428571,1.0,0.0,0.0,0.0,1.0,0.0,23.792857142857144,29.852857142857143,70.13428571428571,0.0,0.05201142857142854,186
2023-08-01,3385467.2800000003,88500,35532,8975,317.0,1636,109523.40827229763,67981.7601727912,17874.72384804244,40119.85642329449,101325.45921524033,70305.03230122631,83969.92877572277,115188.79565418143,0.2857142857142857,0.7142857142857143,1.0,0.0,0.0,0.0,1.0,0.0,23.165714285714284,30.68,72.26,0.0,0.05137714285714284,187
2023-08-08,3406239.61,88582,35464,8576,283.0,1681,94847.66556011996,43377.24761295708,11889.722464305256,37530.79307959821,67122.8145246649,42623.25170324619,68982.89785139756,58095.921628602424,0.2857142857142857,0.0,1.0,0.0,0.0,0.0,1.0,0.0,22.09714285714286,32.16285714285714,71.70714285714286,0.0,0.04918428571428569,188
2023-08-15,3399605.91,88322,35269,14244,296.0,1687,133219.34329574378,48494.11561751194,14012.553016790398,46934.014024775905,64952.29421935194,58167.11332803876,96236.73527117688,82914.22830991447,0.2857142857142857,0.0,0.14285714285714285,0.0,0.0,0.0,1.0,0.2857142857142857,21.132857142857144,29.740000000000002,69.99571428571429,0.0,0.031144285714285715,189
2023-08-22,3373994.35,87929,35197,13836,291.0,1600,111286.24869168372,31919.58150594038,14067.791483284329,30701.553670703906,66248.06735406457,47912.518653232444,61762.59195730831,68468.31986292567,0.2857142857142857,0.5714285714285714,0.0,0.0,0.0,0.0,1.0,0.8571428571428571,20.83857142857143,31.117142857142856,72.12142857142857,0.0,0.03100999999999997,190
2023-08-29,3419805.64,88906,35548,14070,309.0,1829,98659.63096369553,31725.543181408015,13842.312965650988,34360.032590242656,67465.36380612274,47994.34697608552,75248.70691902858,83416.3571071226,0.2857142857142857,0.8571428571428571,0.0,0.0,0.0,0.0,0.42857142857142855,0.0,19.49142857142857,32.69571428571429,50.89,0.14285714285714285,0.03238999999999999,191
2023-09-05,3367887.49,87788,34989,16907,335.0,1751,94887.65386216817,39867.97509181904,16294.197559480246,32845.206865647284,62378.49149770593,53414.24643842923,70322.38920667328,74275.09713969646,0.2857142857142857,0.14285714285714285,0.0,0.0,0.0,0.0,0.0,0.0,18.732857142857142,35.34571428571429,30.5,0.0,0.029788571428571397,192
2023-09-12,3384827.94,88265,35388,16781,321.0,1854,97732.38246285883,35496.20949290483,15291.38043343162,42399.99334226582,70380.05120985303,55694.4398717288,71199.00063401907,74760.43392916588,0.2857142857142857,0.0,0.0,0.0,0.0,0.0,0.0,0.0,17.68,32.50142857142857,26.41857142857143,0.0,0.028977142857142844,193
2023-09-19,3406347.62,88589,35469,15962,321.0,1824,89739.96773206657,32562.514158984748,15690.37470411526,29418.40464536626,62320.191178462424,43623.679463283595,66952.51108702735,71958.17103728175,0.2857142857142857,0.14285714285714285,0.0,0.0,0.0,0.0,0.0,0.0,16.005714285714287,37.18285714285714,29.092857142857145,0.0,0.030319999999999975,194
2023-09-26,3386841.74,88078,35216,14619,341.0,1996,106666.95392459008,46782.21276686707,20264.31665576764,49560.535488388115,73322.34908791055,70451.22691544976,100760.31035535355,104438.61563744872,0.2857142857142857,1.0,0.0,0.0,0.0,0.0,0.0,0.0,14.835714285714285,34.46857142857143,27.46857142857143,0.0,0.03388999999999999,195
2023-10-03,3390122.9699999997,88387,35348,17173,369.0,1980,86425.38334323483,41372.590456884005,8650.451014796052,37254.25307418989,78658.75405931304,45565.49688438409,61120.4648441205,66524.31748211704,0.2857142857142857,0.42857142857142855,0.0,0.0,0.0,0.0,0.0,0.0,14.234285714285715,39.4,30.72,0.0,0.03118857142857139,196
2023-10-10,3427347.29,89253,35759,17227,356.0,1910,55651.10407579718,26249.243095087266,9985.723581452989,25175.09584128818,55781.54565493764,37200.32535512354,50356.13816329204,55436.001754293335,0.2857142857142857,0.0,0.0,0.0,0.0,0.0,0.0,0.0,12.611428571428572,42.84571428571429,28.185714285714287,0.0,0.030639999999999983,197
2023-10-17,3365540.93,87463,35000,17270,373.0,1928,100337.62801471338,42636.351966144655,23090.549867090413,49576.82403131208,78808.47403214891,59072.27589005119,95643.83806728103,100127.7660447465,0.2857142857142857,0.0,0.0,0.0,0.0,0.0,0.0,0.0,12.612857142857143,42.31857142857143,28.05,0.0,0.03095571428571427,198
2023-10-24,3413372.84,88868,35580,16862,416.0,2058,102926.68665623268,41244.34254884265,17767.416223724013,38273.135023510054,75935.40143754636,61229.72943217674,75315.72998822086,95652.66458796826,0.2857142857142857,0.8571428571428571,0.0,0.0,0.0,0.0,0.0,0.0,11.884285714285713,46.42857142857143,28.391428571428573,0.0,0.034902857142857104,199
2023-10-31,3412180.61,88968,35529,17302,386.0,2161,92720.08344607134,41826.57227437712,17970.581718059093,38652.81431137109,64946.052363167815,56036.31824333174,76133.64639930413,90482.01640089539,0.2857142857142857,0.7142857142857143,0.0,0.0,0.0,0.0,0.0,0.0,11.508571428571429,46.465714285714284,30.527142857142856,0.14285714285714285,0.0336942857142857,200
2023-11-07,3384340.15,88120,35343,17346,363.0,2309,140229.37945723595,49578.51931464357,25672.95460776599,49742.75198961918,92986.19607109072,95759.75284341889,115527.13907570063,112195.23557275403,0.2857142857142857,0.0,0.0,0.0,0.0,0.0,0.0,0.0,10.379999999999999,45.12571428571429,28.295714285714286,0.0,0.031115714285714254,201
2023-11-14,3393873.1,88368,35271,18800,419.0,2509,151807.78527124264,46771.03771785994,21498.47074328184,43255.02077775122,111546.82497152424,76018.58023426778,96809.52694246735,112759.97142235548,0.2857142857142857,0.0,0.0,0.14285714285714285,0.0,0.0,0.0,0.0,9.225714285714286,52.09428571428572,30.840000000000003,0.2857142857142857,0.0354285714285714,202
2023-11-21,3374558.7800000003,87825,35124,10691,444.0,2553,136133.4090799862,41692.94400002792,21814.177833682654,45799.58001200798,100809.69915454001,71777.07683218736,92903.36851189111,100458.1728130015,0.2857142857142857,0.42857142857142855,0.0,1.0,0.0,0.0,0.0,0.0,9.34142857142857,52.33857142857143,26.262857142857143,1.0,0.061139999999999986,203
2023-11-28,3385915.56,88246,35266,13658,511.0,3003,133802.23578405578,57525.710366071646,21199.18937882484,55309.67209223453,95519.62929948681,84067.60229668004,87219.58280152988,111997.97801132564,0.2857142857142857,1.0,0.0,0.42857142857142855,0.5714285714285714,0.0,0.0,0.0,9.154285714285715,52.31285714285714,26.012857142857143,0.42857142857142855,0.05431285714285714,204
2023-12-05,3382371.23,87904,35208,17395,524.0,2982,161240.27437324455,54650.98626402064,29588.578931795477,58332.80451125877,115522.03667354668,84239.70059829995,133989.70193141061,152575.71895097964,0.2857142857142857,0.14285714285714285,0.0,0.0,1.0,0.0,0.0,0.0,8.782857142857143,53.84285714285714,28.057142857142857,0.0,0.04474857142857142,205
2023-12-12,3406507.52,88728,35422,16305,499.0,2839,137029.8226223177,53846.28388822338,16042.750442976041,41611.58910992839,96328.53562996173,71732.01743770993,93940.75646871871,93762.7017493003,0.2857142857142857,0.0,0.0,0.0,1.0,0.0,0.0,0.0,8.99,55.19571428571429,26.640000000000004,0.0,0.04378285714285714,206
2023-12-19,3415429.99,88879,35324,17968,530.0,2953,102022.51080406868,37507.53212859103,12704.227093217098,30384.280306637706,75372.32183498803,62053.91567194639,64355.72122047263,80581.77173805686,0.2857142857142857,0.14285714285714285,0.0,0.0,0.8571428571428571,0.0,0.8571428571428571,0.0,8.69,57.348571428571425,28.41,0.0,0.04320285714285715,207
2023-12-26,3428923.19,89164,35600,18932,454.0,2622,100552.38624137048,44267.6725054689,19645.623022883938,36339.178418660114,78282.1923660285,68752.49847065135,76859.85794242477,93870.94432228626,0.2857142857142857,0.8571428571428571,0.0,0.0,0.0,0.0,0.8571428571428571,0.0,8.922857142857143,58.67857142857143,29.225714285714286,0.14285714285714285,0.03574428571428571,208
2024-01-02,3860896.9,100525,40120,15672,422.0,2113,127071.01144963499,56150.88422716326,21271.035948546123,48966.29955193256,105931.56836741764,71519.46844787338,103486.23279079574,135884.98600127184,0.2857142857142857,0.5714285714285714,0.2857142857142857,0.0,0.0,0.0,0.0,0.0,9.245714285714286,57.27285714285715,27.845714285714287,0.0,0.04107285714285714,209
2024-01-09,3813129.53,99443,39821,13063,498.0,2578,148122.98374570507,59270.39376070328,27088.806809968715,70689.88308077447,129742.63224857014,88047.7379454633,117260.51790890159,141410.90934628132,0.2857142857142857,0.0,1.0,0.0,0.0,0.0,0.0,0.0,9.581428571428571,57.215714285714284,28.197142857142858,0.0,0.05276428571428569,210
2024-01-16,3785619.6,98616,39519,12541,451.0,2456,113997.50924756663,49292.23600036264,13159.580128178595,43590.98966635954,91862.19085146213,54216.673064306065,74818.64096538766,83487.6607138369,0.2857142857142857,0.0,1.0,0.0,0.0,0.0,0.0,0.0,10.402857142857142,57.97714285714286,29.88,0.0,0.052871428571428555,211
2024-01-23,3831121.83,99712,39847,14051,535.0,2667,85905.10227743267,40048.681464288544,15834.803221139928,30221.061961035077,78739.03881224233,61726.574231529165,79088.31420709484,98278.56491807241,0.2857142857142857,0.7142857142857143,1.0,0.0,0.0,0.0,0.0,0.0,11.232857142857142,57.36142857142857,29.169999999999998,0.14285714285714285,0.05562285714285712,212
2024-01-30,3818700.22,99507,39824,9979,401.0,2028,108209.2560271821,60490.268337332614,20298.93809988123,51777.736660236966,101551.55920004866,79828.00801296954,92018.27117545977,118643.24170791186,0.2857142857142857,0.8571428571428571,1.0,0.0,0.0,0.0,0.0,0.0,11.645714285714286,58.93714285714286,27.95,0.0,0.05695571428571426,213
2024-02-06,3795674.99,98890,39500,11204,345.0,2002,107054.85282682537,40233.8626320997,14248.73957598482,32150.295393001277,76730.87119623962,56043.66075456561,85567.34461709388,79112.46396956866,0.2857142857142857,0.0,0.7142857142857143,0.0,0.0,0.0,0.0,0.0,11.687142857142858,59.57285714285714,26.791428571428572,0.0,0.047664285714285715,214
2024-02-13,3804774.7199999997,98839,39637,14621,335.0,2247,92696.70415885873,39260.92473038471,16593.613504872286,38535.57465466904,68041.69812076476,48538.88268446647,66249.44983803779,74578.57442368871,0.2857142857142857,0.0,0.0,0.0,0.0,0.0,0.0,0.0,13.065714285714288,60.53857142857142,26.990000000000002,0.0,0.033525714285714284,215
2024-02-20,3846040.9699999997,100204,39976,14481,356.0,1828,81983.05852894713,35900.39445659899,11562.042996287148,37736.544593171355,69098.77303868487,53948.27238704382,65517.69058250036,75833.60825120933,0.2857142857142857,0.2857142857142857,0.0,0.0,0.0,0.0,0.0,0.0,14.165714285714285,57.894285714285715,26.94,0.0,0.03362571428571429,216
2024-02-27,3844793.22,99950,39997,13708,342.0,2098,86123.24945859594,43800.44765758504,17714.34191735035,34909.57262748431,75727.69371519858,55800.20373516664,73888.91165917607,92756.43250344455,0.2857142857142857,1.0,0.0,0.0,0.0,0.0,0.0,0.0,14.849999999999998,58.470000000000006,28.792857142857144,0.0,0.037127142857142845,217
2024-03-05,3832830.15,100044,40009,14911,323.0,1905,94608.56640989557,52848.215952682025,20548.138596010827,49420.581337004296,86722.41337048865,66672.19304257384,70059.79023853099,92761.87967427279,0.2857142857142857,0.14285714285714285,0.0,0.0,0.0,0.0,0.0,0.0,16.425714285714285,57.470000000000006,29.720000000000002,0.0,0.032884285714285685,218
2024-03-12,3785845.3899999997,98848,39613,15610,337.0,2198,99209.39515788633,53977.33273623747,16015.286818871173,36547.53664023397,96621.06487842524,55287.37972243082,78376.17134921825,82401.77409299904,0.2857142857142857,0.0,0.0,0.0,0.0,0.0,0.0,0.7142857142857143,17.08142857142857,55.03000000000001,27.331428571428575,0.0,0.03214142857142856,219
2024-03-19,3825268.16,99408,39788,14773,317.0,2035,99939.75945274896,48094.198179859,18239.01867722557,31071.795992648505,79603.24566989497,55277.9907121172,80236.31097888714,82392.08562813557,0.2857142857142857,0.14285714285714285,0.0,0.0,0.0,0.2857142857142857,0.2857142857142857,0.14285714285714285,18.674285714285713,52.83571428571429,30.15142857142857,0.14285714285714285,0.032662857142857125,220
2024-03-26,3819776.19,99275,39763,15049,361.0,2001,121551.57245506217,41583.85179381586,18511.28278734764,39808.15336001721,82348.55231873905,49024.58166850984,79086.41277757638,96132.5927839626,0.2857142857142857,0.8571428571428571,0.0,0.0,0.0,0.8571428571428571,0.8571428571428571,0.0,18.547142857142855,53.90428571428571,30.164285714285715,0.0,0.03528142857142854,221
2024-04-02,3848242.92,100157,40205,16302,366.0,1995,105768.6879017409,29649.813708210615,15348.786580442535,36792.66983279648,71467.99033983557,43294.985950535236,62138.63730605478,68085.31821571328,0.2857142857142857,0.5714285714285714,0.0,0.0,0.0,0.0,0.0,0.0,20.65857142857143,51.53142857142858,29.195714285714285,0.0,0.03405142857142857,222
2024-04-09,3829699.0999999996,99713,39777,14239,298.0,1860,94441.7750738976,39724.769638345395,14320.67583790823,38762.77800908834,71701.72293643437,62168.33772505998,66371.28025549938,84314.57635376377,0.2857142857142857,0.0,0.0,0.0,0.0,0.0,0.0,0.14285714285714285,20.527142857142856,45.93142857142857,29.080000000000002,0.0,0.030921428571428555,223
2024-04-16,3823765.62,99484,39855,17500,361.0,1991,85278.27579173724,30171.399160121,14172.447951873582,31102.347133615804,65749.59551841623,46320.386790262746,58859.66595878205,62737.796867024284,0.2857142857142857,0.0,0.0,0.0,0.0,0.0,0.0,0.8571428571428571,21.898571428571426,47.674285714285716,29.351428571428574,0.0,0.03072714285714286,224
2024-04-23,3818261.54,99636,39870,16103,381.0,2016,93405.15551724928,38476.84180147416,14297.812373093784,41935.48633057229,68922.1375947729,53066.80275394178,68563.77513782686,82206.25531751625,0.2857142857142857,0.7142857142857143,0.0,0.0,0.0,0.0,0.0,0.0,22.957142857142856,44.145714285714284,28.98714285714286,0.0,0.033749999999999995,225
2024-04-30,3817045.7600000002,99374,39707,15918,373.0,1946,112408.38774000196,43044.17197835974,18615.239430741232,47026.91173248401,80805.96197703017,67341.22486526518,94253.44938189437,91909.48089313938,0.2857142857142857,0.8571428571428571,0.0,0.0,0.0,0.0,0.0,0.0,23.852857142857143,44.458571428571425,27.94,0.0,0.03418857142857143,226
2024-05-07,3820281.76,99490,39878,16034,320.0,1928,107715.27959042136,46334.68687929522,17553.202620573284,41292.90962196536,77241.79570963448,54591.77660050988,80622.74970659873,91370.76440948417,0.2857142857142857,0.0,0.0,0.0,0.0,0.0,0.0,0.0,24.01571428571429,42.43714285714286,29.914285714285715,0.0,0.030625714285714273,227
2024-05-14,3806052.48,99240,39738,16228,329.0,1801,89693.49860214812,41616.12824570878,14097.238471439257,32230.77762070177,74066.50066197723,38564.372428798626,62249.532019633574,73118.13629333778,0.2857142857142857,0.0,0.0,0.0,0.0,0.0,0.0,0.0,25.20285714285714,40.21714285714285,26.935714285714287,0.0,0.02977571428571427,228
2024-05-21,3825026.22,99634,39752,15525,331.0,1861,108853.83128813765,60621.204082276745,23522.624398389577,58040.02286774518,83167.06144061114,54234.24456138571,92995.13237876954,98520.83619035165,0.2857142857142857,0.42857142857142855,0.0,0.0,0.0,0.0,0.0,0.0,25.352857142857143,38.832857142857144,26.44142857142857,0.0,0.03131142857142856,229
2024-05-28,3796779.12,98766,39371,15130,341.0,1771,105733.41791979903,44505.38804528565,13578.297620335157,37709.45850768366,77640.97323308674,57446.86932135011,90887.23636363223,79561.80339146768,0.2857142857142857,0.8571428571428571,0.0,0.0,0.0,0.0,0.0,0.0,25.972857142857144,32.67142857142857,47.52571428571429,0.0,0.032598571428571414,230
2024-06-04,3838102.55,99915,39990,14941,328.0,1845,72881.31261217681,29901.75530838951,15141.979001935257,28267.07391300185,55286.23824077773,43618.16616657304,51994.81029317818,58342.89089870315,0.2857142857142857,0.2857142857142857,0.0,0.0,0.0,0.0,0.0,0.0,25.84714285714286,34.73285714285714,72.36571428571429,0.0,0.03047,231
2024-06-11,3829617.91,99656,39885,15044,284.0,1806,66263.84953130023,29102.162574953938,9886.589438268365,25461.835281784774,53305.04372695417,44436.92087406921,63582.86515469292,62590.89905842383,0.2857142857142857,0.0,0.0,0.0,0.0,0.0,0.0,0.0,25.34714285714286,34.089999999999996,74.13714285714286,0.0,0.02964285714285714,232
2024-06-18,3791831.7800000003,98817,39536,14892,292.0,1838,85295.49270953084,35998.982162973974,12459.890393190526,45043.80968742853,65154.668342612014,46306.79511843582,70747.39462386945,78542.24893748123,0.2857142857142857,0.0,0.0,0.0,0.0,0.0,0.0,0.7142857142857143,25.47142857142857,32.25714285714286,75.37285714285714,0.0,0.028687142857142845,233
2024-06-25,3841327.2199999997,99831,39865,14644,352.0,1815,82496.98084039352,36143.74318654109,15263.135128014177,35228.992342089026,63427.02044609289,49830.15435918421,68480.4150063232,79364.88729124406,0.2857142857142857,1.0,0.14285714285714285,0.0,0.0,0.0,0.14285714285714285,0.14285714285714285,25.947142857142858,29.698571428571427,72.71714285714286,0.0,0.0353,234
2024-07-02,3831184.34,99826,39754,12215,425.0,2604,163416.36752728792,60113.616297216286,27272.994331603924,71630.73769259614,130073.51502904546,97129.33712110968,159922.51767487207,155686.5464813306,0.2857142857142857,0.5714285714285714,1.0,0.0,0.0,0.0,1.0,0.0,25.41142857142857,29.53,72.88428571428571,0.0,0.05105,235
2024-07-09,3840283.94,99826,39898,13846,467.0,2450,167164.8657543776,62000.25787285772,21606.005151836016,59216.899847081266,146300.6005203742,84553.68504447296,118151.47177908421,141202.25912520546,0.2857142857142857,0.0,1.0,0.0,0.0,0.0,1.0,0.0,25.367142857142856,32.39857142857143,72.94000000000001,0.0,0.04914999999999997,236
2024-07-16,3818922.51,99669,39837,14187,471.0,2337,134785.38344591318,57091.58252802456,19753.740581368806,42753.67066845803,125887.08929054427,68413.66876708851,89197.27893405998,107304.44790264068,0.2857142857142857,0.0,1.0,0.0,0.0,0.0,1.0,0.0,23.545714285714286,29.138571428571428,71.26142857142857,0.0,0.04883285714285713,237
2024-07-23,3812837.77,99334,39740,13520,461.0,2321,140182.51841540294,50338.07988582163,19127.059895376584,49534.03806741748,125091.76223359804,69387.05230063575,88957.18714902844,125854.41783467773,0.2857142857142857,0.7142857142857143,1.0,0.0,0.0,0.0,1.0,0.0,23.841428571428573,28.764285714285716,72.41714285714285,0.0,0.05167428571428568,238
2024-07-30,3813518.1100000003,99142,39724,10533,377.0,2063,135913.774279902,46160.554508036555,22071.48913685809,59199.893619123955,115474.64997245102,77073.16156931302,99708.6553815507,113044.15159913903,0.2857142857142857,0.8571428571428571,1.0,0.0,0.0,0.0,1.0,0.0,23.37857142857143,29.335714285714285,74.80999999999999,0.0,0.051749999999999984,239
2024-08-06,3834947.98,99992,39933,10433,337.0,1656,143179.25519991043,51836.142434772606,22165.080592592378,53793.81518104272,111930.07502140022,78616.48365065313,97477.71244996,93624.32257356332,0.2857142857142857,0.0,1.0,0.0,0.0,0.0,1.0,0.0,22.47,31.228571428571428,74.42142857142858,0.0,0.048812857142857144,240
2024-08-13,3816707.76,99165,39655,12925,296.0,1562,112239.17250917564,42894.0948181288,11509.6006842773,39424.285596529764,81518.75190299907,57405.73632316358,66507.86789834088,82366.01256992255,0.2857142857142857,0.0,0.42857142857142855,0.0,0.0,0.0,1.0,0.0,21.28142857142857,29.877142857142854,71.35857142857142,0.0,0.03699714285714285,241
2024-08-20,3804034.72,98866,39673,15233,291.0,1516,98487.31208144999,42302.071276480914,17744.679166911614,37600.10455532707,71661.2942238775,56729.10434627472,86356.5427315875,77171.2532635619,0.2857142857142857,0.2857142857142857,0.0,0.0,0.0,0.0,1.0,1.0,20.267142857142858,29.071428571428573,74.4342857142857,0.14285714285714285,0.029372857142857114,242
2024-08-27,3782102.3899999997,98375,39454,13685,309.0,1846,85366.55738058042,42111.73569077608,13213.055420807625,38028.029920240595,66822.88219304838,46118.98027949099,73040.14440820571,76188.12083103874,0.2857142857142857,0.8571428571428571,0.0,0.0,0.0,0.0,0.7142857142857143,0.14285714285714285,19.13,33.15714285714286,58.934285714285714,0.0,0.03233999999999999,243
2024-09-03,3804200.0700000003,99127,39662,16526,354.0,2057,91753.03054663188,46816.76541276276,18134.192857943675,46804.04767105561,71288.25669484503,62074.73056021924,78130.57104308983,84657.49561280146,0.2857142857142857,0.42857142857142855,0.0,0.0,0.0,0.0,0.0,0.0,18.134285714285713,34.895714285714284,26.32,0.0,0.030758571428571413,244
2024-09-10,3801723.39,99029,39531,15929,302.0,1907,103436.27600016163,49398.830711930066,17076.809845485725,51253.81174036711,88558.50460679567,68353.47258250171,92822.52496595128,97328.80872987052,0.2857142857142857,0.0,0.0,0.0,0.0,0.0,0.0,0.0,17.222857142857144,33.88428571428572,27.53,0.0,0.028807142857142858,245
2024-09-17,3809409.81,99277,39583,14985,295.0,1876,84199.7908205467,31432.259525651236,14339.78164501745,28736.126252652564,75676.77531341792,47130.33782151508,69135.8278641728,64214.41586331208,0.2857142857142857,0.0,0.0,0.0,0.0,0.0,0.0,0.0,16.757142857142856,33.948571428571434,30.011428571428574,0.0,0.029079999999999957,246
2024-09-24,3815996.58,98997,39679,15040,346.0,1869,88265.49226774261,47375.77941593701,16382.770908199342,32610.319116200917,68226.42702486514,45397.480317802016,71938.66365095552,68949.19617283501,0.2857142857142857,0.8571428571428571,0.0,0.0,0.0,0.0,0.0,0.0,15.257142857142856,35.33714285714286,29.24142857142857,0.0,0.03255,247
2024-10-01,3782344.0999999996,98234,39315,15930,379.0,2056,100691.03741143197,38881.23791954415,20582.500824221912,35940.044728554276,69123.79037691184,47129.12071676854,74672.86280152001,86154.31257647871,0.2857142857142857,0.7142857142857143,0.0,0.0,0.0,0.0,0.0,0.0,14.461428571428572,37.43857142857143,28.125714285714285,0.0,0.03251142857142856,248
2024-10-08,3863323.35,100580,40049,17330,347.0,2051,146309.04326780638,53536.50442571073,20063.768853679117,53073.62046834611,89036.23118615798,74937.21726006405,120330.17064031116,123717.22457903475,0.2857142857142857,0.0,0.0,0.0,0.0,0.0,0.0,0.0,13.964285714285714,41.07,26.640000000000004,0.0,0.029982857142857113,249
2024-10-15,3860738.95,100473,40232,18059,376.0,1970,130497.6288625131,54739.79269082587,20678.901554161326,58408.47667938676,110460.59488407569,78116.60977770141,91863.64440145138,98090.85163763398,0.2857142857142857,0.0,0.0,0.0,0.0,0.0,0.0,0.0,12.611428571428572,42.98428571428571,28.430000000000003,0.0,0.030594285714285716,250
2024-10-22,3778648.74,98184,39449,15989,377.0,2058,98918.09430958849,36925.109853611364,14774.018216339895,37703.746839688654,78657.57691872971,57900.52683978115,63769.43340961591,64104.02499019743,0.2857142857142857,0.5714285714285714,0.0,0.0,0.0,0.0,0.0,0.0,11.768571428571429,43.42,28.735714285714288,0.0,0.03279571428571427,251
2024-10-29,3823553.66,99303,39690,17731,423.0,2325,99511.31797665916,33294.420233231336,13195.378906564598,24250.041971873576,61238.179222214996,57802.00210700722,66491.66265313832,67878.65576699108,0.2857142857142857,0.8571428571428571,0.0,0.0,0.0,0.0,0.0,0.0,11.162857142857144,45.29571428571428,27.767142857142858,0.0,0.034327142857142855,252
2024-11-05,3797573.2800000003,98807,39745,19246,401.0,2525,132612.55406739138,51288.848595572126,25441.395722610003,44367.708800286724,84009.79044674357,87604.00677985387,82673.3726789252,109574.63849442909,0.2857142857142857,0.14285714285714285,0.0,0.0,0.0,0.0,0.0,0.0,10.292857142857143,46.24,27.334285714285716,0.0,0.03171857142857139,253
2024-11-12,3841424.11,99945,40015,20319,453.0,2267,163676.45698572378,65938.64328143862,24124.74862549954,63366.41857450982,110894.14834450139,99433.56326725332,118276.20313155715,146666.98701942587,0.2857142857142857,0.0,0.0,0.0,0.0,0.0,0.0,0.0,10.197142857142856,48.07,28.875714285714285,0.0,0.031435714285714275,254
2024-11-19,3817697.7199999997,99501,39875,12759,460.0,2551,158214.08857992128,50366.66647652909,20161.84756194812,54166.59122942676,96102.64022858234,86840.95576213257,93233.9874497936,104269.71772108115,0.2857142857142857,0.14285714285714285,0.0,0.8571428571428571,0.0,0.0,0.0,0.0,8.794285714285715,49.66571428571429,30.004285714285714,0.8571428571428571,0.05623714285714284,255
2024-11-26,3818382.2,99286,39703,12555,489.0,2832,183345.5986679223,55089.915921133594,24102.33512088308,57065.48087568745,108376.22202543427,97177.56222135594,100717.81659703773,122111.19154978702,0.2857142857142857,1.0,0.0,0.7142857142857143,0.2857142857142857,0.0,0.0,0.0,9.455714285714285,50.970000000000006,28.80857142857143,0.7142857142857143,0.05854714285714285,256
2024-12-03,3832533.04,99738,39904,15448,499.0,2933,153338.0320898875,47906.53545920528,20987.001739969546,43229.125637786725,91206.14861794263,65479.344102175775,95408.15538719259,106862.45417852337,0.2857142857142857,0.42857142857142855,0.0,0.0,1.0,0.0,0.0,0.0,8.917142857142858,55.25714285714286,27.792857142857144,0.14285714285714285,0.04625714285714285,257
2024-12-10,3789361.61,98952,39787,18493,551.0,3186,145960.97094823146,45305.01286631075,19328.47201538227,45457.775798896386,110360.8944619741,80930.26891597682,110516.42100384353,127226.14781084456,0.2857142857142857,0.0,0.0,0.0,1.0,0.0,0.0,0.0,8.641428571428571,55.24571428571429,26.361428571428572,0.0,0.044497142857142846,258
2024-12-17,3798019.88,99044,39660,16639,490.0,2961,139154.38637101068,38020.11159605377,19591.983615824654,38179.51166311463,95146.78312716499,73489.56098483465,89542.28688040127,98650.51210084339,0.2857142857142857,0.0,0.0,0.0,1.0,0.0,0.5714285714285714,0.0,8.112857142857143,57.97714285714286,28.234285714285715,0.14285714285714285,0.04451,259
2024-12-24,3817116.52,99394,39759,18564,474.0,2628,156973.1310369898,63700.226541487034,23447.271751195996,68493.06215030886,111669.77228570287,80218.20322197974,129073.12422755627,129841.70570692503,0.2857142857142857,0.8571428571428571,0.0,0.0,0.14285714285714285,0.0,1.0,0.0,9.097142857142858,56.097142857142856,29.400000000000002,0.0,0.03755142857142857,260
2024-12-31,540571.36,14008,5657,3085,65.0,360,24149.928665900585,8955.728642176833,2669.150696259073,8555.394776103123,18178.92515723114,11270.360946318257,14889.145332136832,11660.68219330235,0.0,0.0,0.0,0.0,0.0,0.0,1.0,0.0,9.38,60.59,31.47000000000001,0.0,0.0310599999999999,261
